s.no,method,instruction,instruction_index,hitcount,Instruction Id in CFG,Block Id as per CFG generated
190,__original_main,swam.runtime.internals.interpreter.Asm$GlobalGet@7c8383eb,0,1,0,1
94,__original_main,swam.runtime.internals.interpreter.Asm$I32Const@255e4321,1,1,1,1
273,__original_main,I32Sub,2,1,2,1
488,__original_main,swam.runtime.internals.interpreter.Asm$LocalTee@6f6a6448,3,1,3,1
957,__original_main,swam.runtime.internals.interpreter.Asm$GlobalSet@4e4f6278,4,1,4,1
764,__original_main,swam.runtime.internals.interpreter.Asm$I32Const@3df5ebd5,5,1,5,1
35,__original_main,swam.runtime.internals.interpreter.Asm$I64Const@7a29a993,6,1,6,1
234,__original_main,swam.runtime.internals.interpreter.Asm$I64Store@4c5b1039,7,1,7,1
187,__original_main,swam.runtime.internals.interpreter.Asm$LocalGet@4a5d4980,8,1,8,1
91,__original_main,swam.runtime.internals.interpreter.Asm$I32Const@740afac5,9,1,9,1
940,__original_main,I32Add,10,1,10,1
544,__original_main,swam.runtime.internals.interpreter.Asm$I32Const@14483c1f,11,1,11,1
1034,__original_main,swam.runtime.internals.interpreter.Asm$I32Const@1e32f321,12,1,12,1
174,__original_main,swam.runtime.internals.interpreter.Asm$Call@3840c7f1,13,1,13,1
727,__original_main,swam.runtime.internals.interpreter.Asm$Drop@74c93d33,14,1,14,1
494,__original_main,swam.runtime.internals.interpreter.Asm$LocalGet@459ea0c3,15,1,15,1
1045,__original_main,swam.runtime.internals.interpreter.Asm$I32Const@1c062374,16,1,16,1
602,__original_main,I32Add,17,1,17,1
1002,__original_main,swam.runtime.internals.interpreter.Asm$I32Const@604781a7,18,1,18,1
756,__original_main,swam.runtime.internals.interpreter.Asm$I32Const@71418e39,19,1,19,1
773,__original_main,swam.runtime.internals.interpreter.Asm$Call@1382790f,20,1,20,1
916,__original_main,swam.runtime.internals.interpreter.Asm$Drop@20f5d861,21,1,21,1
1038,__original_main,swam.runtime.internals.interpreter.Asm$LocalGet@558a09b2,22,1,22,1
409,__original_main,swam.runtime.internals.interpreter.Asm$I64Const@1395f6a6,23,1,23,1
599,__original_main,swam.runtime.internals.interpreter.Asm$I64Store@37d0f442,24,1,24,1
414,__original_main,swam.runtime.internals.interpreter.Asm$LocalGet@18c67705,25,1,25,1
588,__original_main,swam.runtime.internals.interpreter.Asm$I64Const@20292ec4,26,1,26,1
559,__original_main,swam.runtime.internals.interpreter.Asm$I64Store@7ecfa90d,27,1,27,1
972,__original_main,swam.runtime.internals.interpreter.Asm$LocalGet@137ea018,28,1,28,1
203,__original_main,swam.runtime.internals.interpreter.Asm$I64Const@6a3671d5,29,1,29,1
886,__original_main,swam.runtime.internals.interpreter.Asm$I64Store@1824fe,30,1,30,1
692,__original_main,swam.runtime.internals.interpreter.Asm$LocalGet@75d91329,31,1,31,1
917,__original_main,swam.runtime.internals.interpreter.Asm$I64Const@7d2e883f,32,1,32,1
744,__original_main,swam.runtime.internals.interpreter.Asm$I64Store@36235a01,33,1,33,1
601,__original_main,swam.runtime.internals.interpreter.Asm$LocalGet@424603df,34,1,34,1
874,__original_main,swam.runtime.internals.interpreter.Asm$I64Const@330afe15,35,1,35,1
401,__original_main,swam.runtime.internals.interpreter.Asm$I64Store@5ab26623,36,1,36,1
114,__original_main,swam.runtime.internals.interpreter.Asm$LocalGet@2cf22c72,37,1,37,1
790,__original_main,swam.runtime.internals.interpreter.Asm$I64Const@68cc0a9a,38,1,38,1
836,__original_main,swam.runtime.internals.interpreter.Asm$I64Store@3615d087,39,1,39,1
381,__original_main,swam.runtime.internals.interpreter.Asm$I32Const@195872f2,40,1,40,1
142,__original_main,swam.runtime.internals.interpreter.Asm$I32Const@270d4544,41,1,41,1
152,__original_main,swam.runtime.internals.interpreter.Asm$Call@4aca6a8f,42,1,42,1
108,__original_main,swam.runtime.internals.interpreter.Asm$Drop@216a6842,43,1,43,1
416,__original_main,swam.runtime.internals.interpreter.Asm$LocalGet@47bcb7ce,44,1,44,1
230,__original_main,swam.runtime.internals.interpreter.Asm$I64Const@10498690,45,1,45,1
569,__original_main,swam.runtime.internals.interpreter.Asm$I64Store@46dcfb5c,46,1,46,1
482,__original_main,swam.runtime.internals.interpreter.Asm$I32Const@4c27f4f9,47,1,47,1
317,__original_main,swam.runtime.internals.interpreter.Asm$LocalGet@6eae6fdc,48,1,48,1
879,__original_main,swam.runtime.internals.interpreter.Asm$I32Const@2a09f037,49,1,49,1
562,__original_main,I32Add,50,1,50,1
362,__original_main,swam.runtime.internals.interpreter.Asm$Call@2648898,51,1,51,1
509,__original_main,swam.runtime.internals.interpreter.Asm$Drop@79dfb8b7,52,1,52,1
738,__original_main,swam.runtime.internals.interpreter.Asm$LocalGet@3c640f17,53,1,53,1
772,__original_main,swam.runtime.internals.interpreter.Asm$I64Const@75cedb11,54,1,54,1
536,__original_main,swam.runtime.internals.interpreter.Asm$I64Store@6b99da7c,55,1,55,1
769,__original_main,swam.runtime.internals.interpreter.Asm$I32Const@1a5f9eb1,56,1,56,1
318,__original_main,swam.runtime.internals.interpreter.Asm$LocalGet@4710a744,57,1,57,1
920,__original_main,swam.runtime.internals.interpreter.Asm$I32Const@357a2510,58,1,58,1
170,__original_main,I32Add,59,1,59,1
698,__original_main,swam.runtime.internals.interpreter.Asm$Call@3e59a3c8,60,1,60,1
251,__original_main,swam.runtime.internals.interpreter.Asm$Drop@4c54c310,61,1,61,1
192,__original_main,swam.runtime.internals.interpreter.Asm$LocalGet@5de627a5,62,1,62,1
924,__original_main,swam.runtime.internals.interpreter.Asm$I64Const@684bfb92,63,1,63,1
963,__original_main,swam.runtime.internals.interpreter.Asm$I64Store@69185fa1,64,1,64,1
398,__original_main,swam.runtime.internals.interpreter.Asm$I32Const@4138814a,65,1,65,1
949,__original_main,swam.runtime.internals.interpreter.Asm$LocalGet@28e92708,66,1,66,1
208,__original_main,swam.runtime.internals.interpreter.Asm$I32Const@4923fd4,67,1,67,1
596,__original_main,I32Add,68,1,68,1
691,__original_main,swam.runtime.internals.interpreter.Asm$Call@130293d1,69,1,69,1
328,__original_main,swam.runtime.internals.interpreter.Asm$Drop@54819d5c,70,1,70,1
956,__original_main,swam.runtime.internals.interpreter.Asm$LocalGet@11c47689,71,1,71,1
412,__original_main,swam.runtime.internals.interpreter.Asm$I64Const@6ce1e416,72,1,72,1
944,__original_main,swam.runtime.internals.interpreter.Asm$I64Store@6f4a9236,73,1,73,1
255,__original_main,swam.runtime.internals.interpreter.Asm$I32Const@db00879,74,1,74,1
962,__original_main,swam.runtime.internals.interpreter.Asm$LocalGet@77941c8b,75,1,75,1
125,__original_main,swam.runtime.internals.interpreter.Asm$I32Const@2cd77ec4,76,1,76,1
841,__original_main,I32Add,77,1,77,1
0,__original_main,swam.runtime.internals.interpreter.Asm$Call@60efeedb,78,1,78,1
847,__original_main,swam.runtime.internals.interpreter.Asm$Drop@75b25f6a,79,1,79,1
457,__original_main,swam.runtime.internals.interpreter.Asm$LocalGet@7a10aa0,80,1,80,1
405,__original_main,swam.runtime.internals.interpreter.Asm$I64Const@23c7c0e4,81,1,81,1
481,__original_main,swam.runtime.internals.interpreter.Asm$I64Store@4d51e695,82,1,82,1
747,__original_main,swam.runtime.internals.interpreter.Asm$I32Const@5f6098d1,83,1,83,1
216,__original_main,swam.runtime.internals.interpreter.Asm$LocalGet@250d6302,84,1,84,1
633,__original_main,swam.runtime.internals.interpreter.Asm$I32Const@79d40574,85,1,85,1
38,__original_main,I32Add,86,1,86,1
422,__original_main,swam.runtime.internals.interpreter.Asm$Call@695d0fdd,87,1,87,1
237,__original_main,swam.runtime.internals.interpreter.Asm$Drop@4e5ba782,88,1,88,1
446,__original_main,swam.runtime.internals.interpreter.Asm$LocalGet@6549862b,89,1,89,1
343,__original_main,swam.runtime.internals.interpreter.Asm$I64Const@22938526,90,1,90,1
83,__original_main,swam.runtime.internals.interpreter.Asm$I64Store@21dce988,91,1,91,1
25,__original_main,swam.runtime.internals.interpreter.Asm$I32Const@1552b78d,92,1,92,1
59,__original_main,swam.runtime.internals.interpreter.Asm$LocalGet@3cd63fc7,93,1,93,1
760,__original_main,swam.runtime.internals.interpreter.Asm$I32Const@1a16d63e,94,1,94,1
690,__original_main,I32Add,95,1,95,1
51,__original_main,swam.runtime.internals.interpreter.Asm$Call@57b0684a,96,1,96,1
881,__original_main,swam.runtime.internals.interpreter.Asm$Drop@2680d08c,97,1,97,1
4,__original_main,swam.runtime.internals.interpreter.Asm$LocalGet@64a93c28,98,1,98,1
219,__original_main,swam.runtime.internals.interpreter.Asm$I64Const@15ec855f,99,1,99,1
833,__original_main,swam.runtime.internals.interpreter.Asm$I64Store@503e6ed9,100,1,100,1
80,__original_main,swam.runtime.internals.interpreter.Asm$I32Const@a016323,101,1,101,1
157,__original_main,swam.runtime.internals.interpreter.Asm$LocalGet@8082722,102,1,102,1
745,__original_main,swam.runtime.internals.interpreter.Asm$I32Const@22ffbdfe,103,1,103,1
510,__original_main,I32Add,104,1,104,1
415,__original_main,swam.runtime.internals.interpreter.Asm$Call@241e360f,105,1,105,1
1054,__original_main,swam.runtime.internals.interpreter.Asm$Drop@5d97f1ec,106,1,106,1
829,__original_main,swam.runtime.internals.interpreter.Asm$LocalGet@57ef5c53,107,1,107,1
849,__original_main,swam.runtime.internals.interpreter.Asm$I64Const@5baf551,108,1,108,1
939,__original_main,swam.runtime.internals.interpreter.Asm$I64Store@1fd7d300,109,1,109,1
478,__original_main,swam.runtime.internals.interpreter.Asm$I32Const@3416bc2a,110,1,110,1
388,__original_main,swam.runtime.internals.interpreter.Asm$LocalGet@bf0a58d,111,1,111,1
1041,__original_main,swam.runtime.internals.interpreter.Asm$I32Const@765fb5c,112,1,112,1
289,__original_main,I32Add,113,1,113,1
107,__original_main,swam.runtime.internals.interpreter.Asm$Call@717a3b34,114,1,114,1
49,__original_main,swam.runtime.internals.interpreter.Asm$Drop@576a984,115,1,115,1
862,__original_main,swam.runtime.internals.interpreter.Asm$LocalGet@2642c757,116,1,116,1
793,__original_main,swam.runtime.internals.interpreter.Asm$I64Const@258892f2,117,1,117,1
123,__original_main,swam.runtime.internals.interpreter.Asm$I64Store@1c350d2f,118,1,118,1
607,__original_main,swam.runtime.internals.interpreter.Asm$I32Const@9147b07,119,1,119,1
752,__original_main,swam.runtime.internals.interpreter.Asm$LocalGet@12f1eab6,120,1,120,1
535,__original_main,swam.runtime.internals.interpreter.Asm$I32Const@4ff0e7a1,121,1,121,1
859,__original_main,I32Add,122,1,122,1
697,__original_main,swam.runtime.internals.interpreter.Asm$Call@7c4c9750,123,1,123,1
875,__original_main,swam.runtime.internals.interpreter.Asm$Drop@15b38822,124,1,124,1
681,__original_main,swam.runtime.internals.interpreter.Asm$LocalGet@1f77e4ff,125,1,125,1
537,__original_main,swam.runtime.internals.interpreter.Asm$I64Const@e86b5e8,126,1,126,1
53,__original_main,swam.runtime.internals.interpreter.Asm$I64Store@5e7f3a1a,127,1,127,1
626,__original_main,swam.runtime.internals.interpreter.Asm$I32Const@837ae4c,128,1,128,1
609,__original_main,swam.runtime.internals.interpreter.Asm$LocalGet@2d094124,129,1,129,1
129,__original_main,swam.runtime.internals.interpreter.Asm$I32Const@7641b134,130,1,130,1
79,__original_main,I32Add,131,1,131,1
966,__original_main,swam.runtime.internals.interpreter.Asm$Call@4405733e,132,1,132,1
948,__original_main,swam.runtime.internals.interpreter.Asm$Drop@46bb70a0,133,1,133,1
43,__original_main,swam.runtime.internals.interpreter.Asm$LocalGet@794699a8,134,1,134,1
403,__original_main,swam.runtime.internals.interpreter.Asm$I64Const@776c07e5,135,1,135,1
363,__original_main,swam.runtime.internals.interpreter.Asm$I64Store@1806ecb2,136,1,136,1
379,__original_main,swam.runtime.internals.interpreter.Asm$I32Const@77d32868,137,1,137,1
10,__original_main,swam.runtime.internals.interpreter.Asm$LocalGet@722dc75e,138,1,138,1
99,__original_main,swam.runtime.internals.interpreter.Asm$I32Const@1aa3d44,139,1,139,1
66,__original_main,I32Add,140,1,140,1
543,__original_main,swam.runtime.internals.interpreter.Asm$Call@7bfee5ce,141,1,141,1
550,__original_main,swam.runtime.internals.interpreter.Asm$Drop@763b511,142,1,142,1
19,__original_main,swam.runtime.internals.interpreter.Asm$LocalGet@753448a7,143,1,143,1
390,__original_main,swam.runtime.internals.interpreter.Asm$I64Const@5a7bc32f,144,1,144,1
795,__original_main,swam.runtime.internals.interpreter.Asm$I64Store@29875c1c,145,1,145,1
755,__original_main,swam.runtime.internals.interpreter.Asm$I32Const@6c786d5a,146,1,146,1
525,__original_main,swam.runtime.internals.interpreter.Asm$LocalGet@5c4aa34d,147,1,147,1
76,__original_main,swam.runtime.internals.interpreter.Asm$I32Const@26c387cb,148,1,148,1
200,__original_main,I32Add,149,1,149,1
548,__original_main,swam.runtime.internals.interpreter.Asm$Call@60780b50,150,1,150,1
232,__original_main,swam.runtime.internals.interpreter.Asm$Drop@2d1e82ba,151,1,151,1
707,__original_main,swam.runtime.internals.interpreter.Asm$LocalGet@7470a920,152,1,152,1
961,__original_main,swam.runtime.internals.interpreter.Asm$I64Const@6a85c1b2,153,1,153,1
975,__original_main,swam.runtime.internals.interpreter.Asm$I64Store@3ea57626,154,1,154,1
922,__original_main,swam.runtime.internals.interpreter.Asm$I32Const@3c1c2cf0,155,1,155,1
933,__original_main,swam.runtime.internals.interpreter.Asm$LocalGet@6cff39c7,156,1,156,1
861,__original_main,swam.runtime.internals.interpreter.Asm$I32Const@33a5c2bb,157,1,157,1
15,__original_main,I32Add,158,1,158,1
402,__original_main,swam.runtime.internals.interpreter.Asm$Call@5f859eee,159,1,159,1
41,__original_main,swam.runtime.internals.interpreter.Asm$Drop@2b486279,160,1,160,1
361,__original_main,swam.runtime.internals.interpreter.Asm$LocalGet@14e1ac96,161,1,161,1
909,__original_main,swam.runtime.internals.interpreter.Asm$I64Const@56c6960f,162,1,162,1
695,__original_main,swam.runtime.internals.interpreter.Asm$I64Store@462a1b0b,163,1,163,1
587,__original_main,swam.runtime.internals.interpreter.Asm$I32Const@422230a5,164,1,164,1
321,__original_main,swam.runtime.internals.interpreter.Asm$LocalGet@5c565da7,165,1,165,1
907,__original_main,swam.runtime.internals.interpreter.Asm$I32Const@3a6c1825,166,1,166,1
329,__original_main,I32Add,167,1,167,1
254,__original_main,swam.runtime.internals.interpreter.Asm$Call@2672d44,168,1,168,1
311,__original_main,swam.runtime.internals.interpreter.Asm$Drop@352db30e,169,1,169,1
420,__original_main,swam.runtime.internals.interpreter.Asm$LocalGet@6bb7b7e8,170,1,170,1
839,__original_main,swam.runtime.internals.interpreter.Asm$I64Const@47decdce,171,1,171,1
1012,__original_main,swam.runtime.internals.interpreter.Asm$I64Store@ab0c2eb,172,1,172,1
447,__original_main,swam.runtime.internals.interpreter.Asm$I32Const@ff5c75d,173,1,173,1
313,__original_main,swam.runtime.internals.interpreter.Asm$LocalGet@1ca1e405,174,1,174,1
225,__original_main,swam.runtime.internals.interpreter.Asm$I32Const@1b904d96,175,1,175,1
748,__original_main,I32Add,176,1,176,1
373,__original_main,swam.runtime.internals.interpreter.Asm$Call@1e0b636b,177,1,177,1
61,__original_main,swam.runtime.internals.interpreter.Asm$Drop@59ed0270,178,1,178,1
541,__original_main,swam.runtime.internals.interpreter.Asm$LocalGet@759d3fc7,179,1,179,1
8,__original_main,swam.runtime.internals.interpreter.Asm$I64Const@16e2ade7,180,1,180,1
303,__original_main,swam.runtime.internals.interpreter.Asm$I64Store@7d5a151c,181,1,181,1
248,__original_main,swam.runtime.internals.interpreter.Asm$I32Const@5a84b36b,182,1,182,1
1,__original_main,swam.runtime.internals.interpreter.Asm$LocalGet@29535ff4,183,1,183,1
197,__original_main,swam.runtime.internals.interpreter.Asm$I32Const@198933ba,184,1,184,1
934,__original_main,I32Add,185,1,185,1
551,__original_main,swam.runtime.internals.interpreter.Asm$Call@197110ff,186,1,186,1
445,__original_main,swam.runtime.internals.interpreter.Asm$Drop@e7afd6a,187,1,187,1
643,__original_main,swam.runtime.internals.interpreter.Asm$I32Const@92e4860,188,1,188,1
648,__original_main,swam.runtime.internals.interpreter.Asm$Call@6b3be11c,189,1,189,1
243,__original_main,swam.runtime.internals.interpreter.Asm$Drop@361088f4,190,1,190,1
650,__original_main,swam.runtime.internals.interpreter.Asm$I32Const@8d16a82,191,1,191,1
855,__original_main,swam.runtime.internals.interpreter.Asm$I32Const@4d732e04,192,1,192,1
728,__original_main,swam.runtime.internals.interpreter.Asm$Call@4f8d6950,193,1,193,1
523,__original_main,swam.runtime.internals.interpreter.Asm$Drop@3538bbf2,194,1,194,1
822,__original_main,swam.runtime.internals.interpreter.Asm$LocalGet@2b02fd9,195,1,195,1
585,__original_main,swam.runtime.internals.interpreter.Asm$I32Const@4521436,196,1,196,1
75,__original_main,I32Add,197,1,197,1
937,__original_main,swam.runtime.internals.interpreter.Asm$I32Const@af3e298,198,1,198,1
853,__original_main,swam.runtime.internals.interpreter.Asm$LocalGet@25988e83,199,1,199,1
283,__original_main,swam.runtime.internals.interpreter.Asm$I32Const@7879d50e,200,1,200,1
533,__original_main,I32Add,201,1,201,1
563,__original_main,swam.runtime.internals.interpreter.Asm$I32Const@57a14b7c,202,1,202,1
512,__original_main,swam.runtime.internals.interpreter.Asm$LocalGet@3f80d8aa,203,1,203,1
838,__original_main,swam.runtime.internals.interpreter.Asm$I32Const@1d82bb29,204,1,204,1
750,__original_main,I32Add,205,1,205,1
911,__original_main,swam.runtime.internals.interpreter.Asm$Call@6f965202,206,1,206,1
722,__original_main,swam.runtime.internals.interpreter.Asm$LocalGet@261545f2,207,1,207,1
182,__original_main,swam.runtime.internals.interpreter.Asm$LocalGet@6b0d5595,208,1,208,1
1033,__original_main,swam.runtime.internals.interpreter.Asm$F64Load@2b514903,209,1,209,1
344,__original_main,swam.runtime.internals.interpreter.Asm$F64Store@35019e1c,210,1,210,1
902,__original_main,swam.runtime.internals.interpreter.Asm$I32Const@7c7fd34a,211,1,211,1
530,__original_main,swam.runtime.internals.interpreter.Asm$LocalGet@1907a95a,212,1,212,1
946,__original_main,swam.runtime.internals.interpreter.Asm$I32Const@459d6077,213,1,213,1
1006,__original_main,I32Add,214,1,214,1
389,__original_main,swam.runtime.internals.interpreter.Asm$Call@5f11f89f,215,1,215,1
657,__original_main,swam.runtime.internals.interpreter.Asm$Drop@66a3ed4e,216,1,216,1
93,__original_main,swam.runtime.internals.interpreter.Asm$LocalGet@f432306,217,1,217,1
763,__original_main,swam.runtime.internals.interpreter.Asm$LocalGet@771b97d,218,1,218,1
645,__original_main,swam.runtime.internals.interpreter.Asm$F64Load@52f62fe6,219,1,219,1
432,__original_main,swam.runtime.internals.interpreter.Asm$F64Store@25daec25,220,1,220,1
1019,__original_main,swam.runtime.internals.interpreter.Asm$I32Const@65413376,221,1,221,1
348,__original_main,swam.runtime.internals.interpreter.Asm$LocalGet@5777b7d,222,1,222,1
639,__original_main,swam.runtime.internals.interpreter.Asm$I32Const@275dbca9,223,1,223,1
522,__original_main,I32Add,224,1,224,1
378,__original_main,swam.runtime.internals.interpreter.Asm$Call@45f58074,225,1,225,1
427,__original_main,swam.runtime.internals.interpreter.Asm$Drop@13c0d7be,226,1,226,1
245,__original_main,swam.runtime.internals.interpreter.Asm$LocalGet@31180d4,227,1,227,1
529,__original_main,swam.runtime.internals.interpreter.Asm$LocalGet@44a51506,228,1,228,1
486,__original_main,swam.runtime.internals.interpreter.Asm$F64Load@196a3f5c,229,1,229,1
896,__original_main,swam.runtime.internals.interpreter.Asm$F64Store@fb4a50b,230,1,230,1
683,__original_main,swam.runtime.internals.interpreter.Asm$I32Const@2b0f0f04,231,1,231,1
1051,__original_main,swam.runtime.internals.interpreter.Asm$LocalGet@c898623,232,1,232,1
102,__original_main,swam.runtime.internals.interpreter.Asm$I32Const@d4bf14d,233,1,233,1
997,__original_main,I32Add,234,1,234,1
743,__original_main,swam.runtime.internals.interpreter.Asm$Call@7450864a,235,1,235,1
119,__original_main,swam.runtime.internals.interpreter.Asm$Drop@5831b20,236,1,236,1
892,__original_main,swam.runtime.internals.interpreter.Asm$LocalGet@2e0b9397,237,1,237,1
222,__original_main,swam.runtime.internals.interpreter.Asm$LocalGet@38331e32,238,1,238,1
385,__original_main,swam.runtime.internals.interpreter.Asm$F64Load@1e395195,239,1,239,1
1016,__original_main,swam.runtime.internals.interpreter.Asm$F64Store@1f0ae81e,240,1,240,1
124,__original_main,swam.runtime.internals.interpreter.Asm$I32Const@3afa0b04,241,1,241,1
352,__original_main,swam.runtime.internals.interpreter.Asm$LocalGet@774fb688,242,1,242,1
1011,__original_main,swam.runtime.internals.interpreter.Asm$I32Const@5764d7f9,243,1,243,1
147,__original_main,I32Add,244,1,244,1
298,__original_main,swam.runtime.internals.interpreter.Asm$Call@dcb870e,245,1,245,1
746,__original_main,swam.runtime.internals.interpreter.Asm$Drop@2f7239a3,246,1,246,1
188,__original_main,swam.runtime.internals.interpreter.Asm$LocalGet@7efbe6cf,247,1,247,1
280,__original_main,swam.runtime.internals.interpreter.Asm$LocalGet@5661e56d,248,1,248,1
994,__original_main,swam.runtime.internals.interpreter.Asm$F64Load@2ba9d8bb,249,1,249,1
731,__original_main,swam.runtime.internals.interpreter.Asm$F64Store@490ef203,250,1,250,1
27,__original_main,swam.runtime.internals.interpreter.Asm$I32Const@3aefe581,251,1,251,1
360,__original_main,swam.runtime.internals.interpreter.Asm$LocalGet@148081,252,1,252,1
223,__original_main,swam.runtime.internals.interpreter.Asm$I32Const@6aa7ebe0,253,1,253,1
623,__original_main,I32Add,254,1,254,1
603,__original_main,swam.runtime.internals.interpreter.Asm$Call@4ead86c5,255,1,255,1
228,__original_main,swam.runtime.internals.interpreter.Asm$Drop@a80d7a5,256,1,256,1
872,__original_main,swam.runtime.internals.interpreter.Asm$LocalGet@2b1053ad,257,1,257,1
505,__original_main,swam.runtime.internals.interpreter.Asm$LocalGet@6933b1fb,258,1,258,1
1014,__original_main,swam.runtime.internals.interpreter.Asm$F64Load@20b72110,259,1,259,1
1015,__original_main,swam.runtime.internals.interpreter.Asm$F64Store@6ea0212c,260,1,260,1
81,__original_main,swam.runtime.internals.interpreter.Asm$I32Const@30465077,261,1,261,1
527,__original_main,swam.runtime.internals.interpreter.Asm$LocalGet@17709326,262,1,262,1
265,__original_main,swam.runtime.internals.interpreter.Asm$I32Const@66db900c,263,1,263,1
495,__original_main,I32Add,264,1,264,1
823,__original_main,swam.runtime.internals.interpreter.Asm$Call@585177da,265,1,265,1
341,__original_main,swam.runtime.internals.interpreter.Asm$Drop@4b29be23,266,1,266,1
570,__original_main,swam.runtime.internals.interpreter.Asm$LocalGet@4cf1305d,267,1,267,1
166,__original_main,swam.runtime.internals.interpreter.Asm$LocalGet@1858ef3b,268,1,268,1
592,__original_main,swam.runtime.internals.interpreter.Asm$F64Load@5bc58717,269,1,269,1
826,__original_main,swam.runtime.internals.interpreter.Asm$F64Store@24425990,270,1,270,1
814,__original_main,swam.runtime.internals.interpreter.Asm$I32Const@36c04893,271,1,271,1
218,__original_main,swam.runtime.internals.interpreter.Asm$LocalGet@7fe5b460,272,1,272,1
554,__original_main,swam.runtime.internals.interpreter.Asm$I32Const@39f3aa0a,273,1,273,1
762,__original_main,I32Add,274,1,274,1
476,__original_main,swam.runtime.internals.interpreter.Asm$Call@a29f10c,275,1,275,1
721,__original_main,swam.runtime.internals.interpreter.Asm$Drop@73658a34,276,1,276,1
981,__original_main,swam.runtime.internals.interpreter.Asm$LocalGet@25f70e81,277,1,277,1
57,__original_main,swam.runtime.internals.interpreter.Asm$LocalGet@5e2e7e95,278,1,278,1
135,__original_main,swam.runtime.internals.interpreter.Asm$F64Load@27a6f134,279,1,279,1
825,__original_main,swam.runtime.internals.interpreter.Asm$F64Store@215055fa,280,1,280,1
275,__original_main,swam.runtime.internals.interpreter.Asm$I32Const@46ee6a5b,281,1,281,1
1049,__original_main,swam.runtime.internals.interpreter.Asm$LocalGet@5c7c3ec7,282,1,282,1
959,__original_main,swam.runtime.internals.interpreter.Asm$I32Const@6d2e6787,283,1,283,1
654,__original_main,I32Add,284,1,284,1
1030,__original_main,swam.runtime.internals.interpreter.Asm$Call@6edb71b1,285,1,285,1
1036,__original_main,swam.runtime.internals.interpreter.Asm$Drop@7d10151d,286,1,286,1
312,__original_main,swam.runtime.internals.interpreter.Asm$LocalGet@62eaf934,287,1,287,1
930,__original_main,swam.runtime.internals.interpreter.Asm$LocalGet@53635840,288,1,288,1
589,__original_main,swam.runtime.internals.interpreter.Asm$F64Load@34ce6d53,289,1,289,1
258,__original_main,swam.runtime.internals.interpreter.Asm$F64Store@4ef6ae7b,290,1,290,1
958,__original_main,swam.runtime.internals.interpreter.Asm$I32Const@56a974b5,291,1,291,1
703,__original_main,swam.runtime.internals.interpreter.Asm$LocalGet@4eeca85c,292,1,292,1
29,__original_main,swam.runtime.internals.interpreter.Asm$I32Const@fd534ff,293,1,293,1
32,__original_main,I32Add,294,1,294,1
3,__original_main,swam.runtime.internals.interpreter.Asm$Call@7baf8cb0,295,1,295,1
936,__original_main,swam.runtime.internals.interpreter.Asm$Drop@3dc877f5,296,1,296,1
1044,__original_main,swam.runtime.internals.interpreter.Asm$LocalGet@19c47e67,297,1,297,1
740,__original_main,swam.runtime.internals.interpreter.Asm$LocalGet@1286332,298,1,298,1
477,__original_main,swam.runtime.internals.interpreter.Asm$F64Load@1fe14400,299,1,299,1
714,__original_main,swam.runtime.internals.interpreter.Asm$F64Store@7c43ab9c,300,1,300,1
386,__original_main,swam.runtime.internals.interpreter.Asm$I32Const@1cd3279d,301,1,301,1
978,__original_main,swam.runtime.internals.interpreter.Asm$LocalGet@34ce629f,302,1,302,1
1022,__original_main,swam.runtime.internals.interpreter.Asm$I32Const@304bdb58,303,1,303,1
1042,__original_main,I32Add,304,1,304,1
327,__original_main,swam.runtime.internals.interpreter.Asm$Call@77d55d51,305,1,305,1
6,__original_main,swam.runtime.internals.interpreter.Asm$Drop@3cca4fe6,306,1,306,1
45,__original_main,swam.runtime.internals.interpreter.Asm$LocalGet@3dc52a62,307,1,307,1
613,__original_main,swam.runtime.internals.interpreter.Asm$LocalGet@2c97bd74,308,1,308,1
173,__original_main,swam.runtime.internals.interpreter.Asm$F64Load@1670cef2,309,1,309,1
1001,__original_main,swam.runtime.internals.interpreter.Asm$F64Store@57856b1e,310,1,310,1
680,__original_main,swam.runtime.internals.interpreter.Asm$I32Const@6edadfb9,311,1,311,1
387,__original_main,swam.runtime.internals.interpreter.Asm$LocalGet@46460917,312,1,312,1
1048,__original_main,swam.runtime.internals.interpreter.Asm$I32Const@714cbe19,313,1,313,1
393,__original_main,I32Add,314,1,314,1
910,__original_main,swam.runtime.internals.interpreter.Asm$Call@35e1d9ab,315,1,315,1
211,__original_main,swam.runtime.internals.interpreter.Asm$Drop@25c92767,316,1,316,1
424,__original_main,swam.runtime.internals.interpreter.Asm$LocalGet@4d3844a5,317,1,317,1
787,__original_main,swam.runtime.internals.interpreter.Asm$LocalGet@3e4e9ee9,318,1,318,1
17,__original_main,swam.runtime.internals.interpreter.Asm$F64Load@30e1b65c,319,1,319,1
927,__original_main,swam.runtime.internals.interpreter.Asm$F64Store@515bd7fd,320,1,320,1
840,__original_main,swam.runtime.internals.interpreter.Asm$I32Const@5fd7ac5a,321,1,321,1
594,__original_main,swam.runtime.internals.interpreter.Asm$LocalGet@46e3c2d0,322,1,322,1
1056,__original_main,swam.runtime.internals.interpreter.Asm$I32Const@20585c26,323,1,323,1
888,__original_main,I32Add,324,1,324,1
1024,__original_main,swam.runtime.internals.interpreter.Asm$Call@681cd3f8,325,1,325,1
616,__original_main,swam.runtime.internals.interpreter.Asm$Drop@7fa24f1c,326,1,326,1
48,__original_main,swam.runtime.internals.interpreter.Asm$LocalGet@66ebf2ef,327,1,327,1
213,__original_main,swam.runtime.internals.interpreter.Asm$LocalGet@2d20cf68,328,1,328,1
242,__original_main,swam.runtime.internals.interpreter.Asm$F64Load@20fd34fc,329,1,329,1
183,__original_main,swam.runtime.internals.interpreter.Asm$F64Store@1d77520d,330,1,330,1
491,__original_main,swam.runtime.internals.interpreter.Asm$I32Const@17b8e86,331,1,331,1
1031,__original_main,swam.runtime.internals.interpreter.Asm$LocalGet@e48b1da,332,1,332,1
357,__original_main,swam.runtime.internals.interpreter.Asm$I32Const@680f9dc8,333,1,333,1
531,__original_main,I32Add,334,1,334,1
880,__original_main,swam.runtime.internals.interpreter.Asm$Call@23f28fcc,335,1,335,1
724,__original_main,swam.runtime.internals.interpreter.Asm$Drop@3591dddf,336,1,336,1
249,__original_main,swam.runtime.internals.interpreter.Asm$LocalGet@559c8fcf,337,1,337,1
256,__original_main,swam.runtime.internals.interpreter.Asm$LocalGet@6796169c,338,1,338,1
148,__original_main,swam.runtime.internals.interpreter.Asm$F64Load@304159e3,339,1,339,1
717,__original_main,swam.runtime.internals.interpreter.Asm$F64Store@51618a83,340,1,340,1
534,__original_main,swam.runtime.internals.interpreter.Asm$I32Const@2311dbe0,341,1,341,1
943,__original_main,swam.runtime.internals.interpreter.Asm$LocalGet@7a3858cb,342,1,342,1
214,__original_main,swam.runtime.internals.interpreter.Asm$I32Const@7f91cf04,343,1,343,1
252,__original_main,I32Add,344,1,344,1
576,__original_main,swam.runtime.internals.interpreter.Asm$Call@3743dc80,345,1,345,1
702,__original_main,swam.runtime.internals.interpreter.Asm$Drop@e3b638d,346,1,346,1
458,__original_main,swam.runtime.internals.interpreter.Asm$LocalGet@3e39f9f9,347,1,347,1
984,__original_main,swam.runtime.internals.interpreter.Asm$LocalGet@46e8fd38,348,1,348,1
163,__original_main,swam.runtime.internals.interpreter.Asm$F64Load@4662daa3,349,1,349,1
557,__original_main,swam.runtime.internals.interpreter.Asm$F64Store@41fcd7c5,350,1,350,1
503,__original_main,swam.runtime.internals.interpreter.Asm$I32Const@7867aa9b,351,1,351,1
661,__original_main,swam.runtime.internals.interpreter.Asm$LocalGet@52ccc424,352,1,352,1
780,__original_main,swam.runtime.internals.interpreter.Asm$I32Const@4d29a516,353,1,353,1
579,__original_main,I32Add,354,1,354,1
971,__original_main,swam.runtime.internals.interpreter.Asm$Call@22ceac80,355,1,355,1
291,__original_main,swam.runtime.internals.interpreter.Asm$Drop@5b5e826a,356,1,356,1
296,__original_main,swam.runtime.internals.interpreter.Asm$LocalGet@8e24952,357,1,357,1
261,__original_main,swam.runtime.internals.interpreter.Asm$LocalGet@64c9fef2,358,1,358,1
918,__original_main,swam.runtime.internals.interpreter.Asm$F64Load@33995fd3,359,1,359,1
801,__original_main,swam.runtime.internals.interpreter.Asm$F64Store@a038691,360,1,360,1
184,__original_main,swam.runtime.internals.interpreter.Asm$I32Const@db734b0,361,1,361,1
664,__original_main,swam.runtime.internals.interpreter.Asm$LocalGet@b7efedf,362,1,362,1
547,__original_main,swam.runtime.internals.interpreter.Asm$I32Const@3505712b,363,1,363,1
132,__original_main,I32Add,364,1,364,1
410,__original_main,swam.runtime.internals.interpreter.Asm$Call@10558634,365,1,365,1
429,__original_main,swam.runtime.internals.interpreter.Asm$Drop@3dce7d88,366,1,366,1
670,__original_main,swam.runtime.internals.interpreter.Asm$I32Const@53e91a51,367,1,367,1
42,__original_main,swam.runtime.internals.interpreter.Asm$Call@700cde57,368,1,368,1
568,__original_main,swam.runtime.internals.interpreter.Asm$Drop@13e483f5,369,1,369,1
520,__original_main,swam.runtime.internals.interpreter.Asm$I32Const@62fb2daa,370,1,370,1
354,__original_main,swam.runtime.internals.interpreter.Asm$I32Const@3496deac,371,1,371,1
813,__original_main,swam.runtime.internals.interpreter.Asm$Call@461c4c1b,372,1,372,1
347,__original_main,swam.runtime.internals.interpreter.Asm$Drop@3bf37390,373,1,373,1
155,__original_main,swam.runtime.internals.interpreter.Asm$LocalGet@4024d8a1,374,1,374,1
324,__original_main,swam.runtime.internals.interpreter.Asm$I64Const@69b949ce,375,1,375,1
452,__original_main,swam.runtime.internals.interpreter.Asm$I64Store@4707d0f4,376,1,376,1
241,__original_main,swam.runtime.internals.interpreter.Asm$I32Const@52a071d8,377,1,377,1
466,__original_main,swam.runtime.internals.interpreter.Asm$LocalGet@74e7312b,378,1,378,1
878,__original_main,swam.runtime.internals.interpreter.Asm$I32Const@4e1755b6,379,1,379,1
30,__original_main,I32Add,380,1,380,1
507,__original_main,swam.runtime.internals.interpreter.Asm$Call@48612462,381,1,381,1
685,__original_main,swam.runtime.internals.interpreter.Asm$Drop@33e0645a,382,1,382,1
454,__original_main,swam.runtime.internals.interpreter.Asm$LocalGet@28722a7f,383,1,383,1
364,__original_main,swam.runtime.internals.interpreter.Asm$I64Const@3c3267bb,384,1,384,1
487,__original_main,swam.runtime.internals.interpreter.Asm$I64Store@32895c0f,385,1,385,1
1003,__original_main,swam.runtime.internals.interpreter.Asm$I32Const@790b38b3,386,1,386,1
262,__original_main,swam.runtime.internals.interpreter.Asm$LocalGet@1f370166,387,1,387,1
282,__original_main,swam.runtime.internals.interpreter.Asm$I32Const@5c8a3649,388,1,388,1
342,__original_main,I32Add,389,1,389,1
571,__original_main,swam.runtime.internals.interpreter.Asm$Call@21a807f0,390,1,390,1
339,__original_main,swam.runtime.internals.interpreter.Asm$Drop@27d61a62,391,1,391,1
201,__original_main,swam.runtime.internals.interpreter.Asm$LocalGet@66f7bb67,392,1,392,1
179,__original_main,swam.runtime.internals.interpreter.Asm$I64Const@2d7b6eef,393,1,393,1
686,__original_main,swam.runtime.internals.interpreter.Asm$I64Store@620097b7,394,1,394,1
960,__original_main,swam.runtime.internals.interpreter.Asm$I32Const@5fec3495,395,1,395,1
128,__original_main,swam.runtime.internals.interpreter.Asm$LocalGet@61f7d290,396,1,396,1
894,__original_main,swam.runtime.internals.interpreter.Asm$I32Const@3a87bce1,397,1,397,1
133,__original_main,I32Add,398,1,398,1
383,__original_main,swam.runtime.internals.interpreter.Asm$Call@70c7b78d,399,1,399,1
995,__original_main,swam.runtime.internals.interpreter.Asm$Drop@21f5cc48,400,1,400,1
459,__original_main,swam.runtime.internals.interpreter.Asm$LocalGet@355c6a39,401,1,401,1
194,__original_main,swam.runtime.internals.interpreter.Asm$I64Const@1c7637f9,402,1,402,1
118,__original_main,swam.runtime.internals.interpreter.Asm$I64Store@1e30d57f,403,1,403,1
143,__original_main,swam.runtime.internals.interpreter.Asm$I32Const@200858f1,404,1,404,1
320,__original_main,swam.runtime.internals.interpreter.Asm$LocalGet@411b1ad7,405,1,405,1
26,__original_main,swam.runtime.internals.interpreter.Asm$I32Const@4274b4f0,406,1,406,1
915,__original_main,I32Add,407,1,407,1
725,__original_main,swam.runtime.internals.interpreter.Asm$Call@6a7ad573,408,1,408,1
989,__original_main,swam.runtime.internals.interpreter.Asm$Drop@4905c467,409,1,409,1
365,__original_main,swam.runtime.internals.interpreter.Asm$LocalGet@252ee9b7,410,1,410,1
70,__original_main,swam.runtime.internals.interpreter.Asm$I64Const@3167ca7,411,1,411,1
901,__original_main,swam.runtime.internals.interpreter.Asm$I64Store@9bbfb9,412,1,412,1
816,__original_main,swam.runtime.internals.interpreter.Asm$I32Const@7cce6bf1,413,1,413,1
1023,__original_main,swam.runtime.internals.interpreter.Asm$LocalGet@42a8a88,414,1,414,1
336,__original_main,swam.runtime.internals.interpreter.Asm$I32Const@72fad339,415,1,415,1
776,__original_main,I32Add,416,1,416,1
905,__original_main,swam.runtime.internals.interpreter.Asm$Call@65307495,417,1,417,1
876,__original_main,swam.runtime.internals.interpreter.Asm$Drop@3c172c02,418,1,418,1
67,__original_main,swam.runtime.internals.interpreter.Asm$LocalGet@117c2ea,419,1,419,1
74,__original_main,swam.runtime.internals.interpreter.Asm$I64Const@55ec57cd,420,1,420,1
812,__original_main,swam.runtime.internals.interpreter.Asm$I64Store@49b7edf6,421,1,421,1
912,__original_main,swam.runtime.internals.interpreter.Asm$I32Const@7976e1e8,422,1,422,1
217,__original_main,swam.runtime.internals.interpreter.Asm$LocalGet@e7da344,423,1,423,1
890,__original_main,swam.runtime.internals.interpreter.Asm$I32Const@2b0b42db,424,1,424,1
396,__original_main,I32Add,425,1,425,1
986,__original_main,swam.runtime.internals.interpreter.Asm$Call@6b7dcabc,426,1,426,1
464,__original_main,swam.runtime.internals.interpreter.Asm$Drop@24351f2b,427,1,427,1
718,__original_main,swam.runtime.internals.interpreter.Asm$I32Const@498384de,428,1,428,1
577,__original_main,swam.runtime.internals.interpreter.Asm$Call@72f561ed,429,1,429,1
316,__original_main,swam.runtime.internals.interpreter.Asm$Drop@7d3c3db2,430,1,430,1
294,__original_main,swam.runtime.internals.interpreter.Asm$I32Const@2501d051,431,1,431,1
480,__original_main,swam.runtime.internals.interpreter.Asm$I32Const@588568c1,432,1,432,1
566,__original_main,swam.runtime.internals.interpreter.Asm$Call@3a86143e,433,1,433,1
448,__original_main,swam.runtime.internals.interpreter.Asm$Drop@61d2c0ee,434,1,434,1
419,__original_main,swam.runtime.internals.interpreter.Asm$LocalGet@49977bd3,435,1,435,1
121,__original_main,swam.runtime.internals.interpreter.Asm$I32Const@19f1e946,436,1,436,1
224,__original_main,I32Add,437,1,437,1
539,__original_main,swam.runtime.internals.interpreter.Asm$I32Const@6b608721,438,1,438,1
7,__original_main,swam.runtime.internals.interpreter.Asm$LocalGet@3b878ec3,439,1,439,1
484,__original_main,swam.runtime.internals.interpreter.Asm$I32Const@28beb016,440,1,440,1
404,__original_main,I32Add,441,1,441,1
115,__original_main,swam.runtime.internals.interpreter.Asm$I32Const@303057c,442,1,442,1
992,__original_main,swam.runtime.internals.interpreter.Asm$LocalGet@4c680bad,443,1,443,1
1004,__original_main,swam.runtime.internals.interpreter.Asm$I32Const@2fe7930e,444,1,444,1
24,__original_main,I32Add,445,1,445,1
625,__original_main,swam.runtime.internals.interpreter.Asm$Call@2eaff1d3,446,1,446,1
581,__original_main,swam.runtime.internals.interpreter.Asm$LocalGet@a41e581,447,1,447,1
783,__original_main,swam.runtime.internals.interpreter.Asm$LocalGet@412d796e,448,1,448,1
64,__original_main,swam.runtime.internals.interpreter.Asm$F64Load@5c6d049e,449,1,449,1
515,__original_main,swam.runtime.internals.interpreter.Asm$F64Store@4cd882b0,450,1,450,1
333,__original_main,swam.runtime.internals.interpreter.Asm$I32Const@2315025f,451,1,451,1
627,__original_main,swam.runtime.internals.interpreter.Asm$LocalGet@6e81450f,452,1,452,1
1046,__original_main,swam.runtime.internals.interpreter.Asm$I32Const@63d66e6d,453,1,453,1
831,__original_main,I32Add,454,1,454,1
40,__original_main,swam.runtime.internals.interpreter.Asm$Call@1f467b54,455,1,455,1
1032,__original_main,swam.runtime.internals.interpreter.Asm$Drop@7cba97b9,456,1,456,1
185,__original_main,swam.runtime.internals.interpreter.Asm$LocalGet@6cbdd8fb,457,1,457,1
340,__original_main,swam.runtime.internals.interpreter.Asm$LocalGet@31166ba,458,1,458,1
229,__original_main,swam.runtime.internals.interpreter.Asm$F64Load@13e5c79e,459,1,459,1
159,__original_main,swam.runtime.internals.interpreter.Asm$F64Store@d90b75b,460,1,460,1
567,__original_main,swam.runtime.internals.interpreter.Asm$I32Const@67a142b9,461,1,461,1
884,__original_main,swam.runtime.internals.interpreter.Asm$LocalGet@37a35129,462,1,462,1
462,__original_main,swam.runtime.internals.interpreter.Asm$I32Const@3697948,463,1,463,1
158,__original_main,I32Add,464,1,464,1
734,__original_main,swam.runtime.internals.interpreter.Asm$Call@191dd8bd,465,1,465,1
887,__original_main,swam.runtime.internals.interpreter.Asm$Drop@20bc80c1,466,1,466,1
662,__original_main,swam.runtime.internals.interpreter.Asm$LocalGet@7405a4ec,467,1,467,1
28,__original_main,swam.runtime.internals.interpreter.Asm$LocalGet@fbb045a,468,1,468,1
54,__original_main,swam.runtime.internals.interpreter.Asm$F64Load@6f117b22,469,1,469,1
309,__original_main,swam.runtime.internals.interpreter.Asm$F64Store@651374d8,470,1,470,1
929,__original_main,swam.runtime.internals.interpreter.Asm$I32Const@37f34be1,471,1,471,1
663,__original_main,swam.runtime.internals.interpreter.Asm$LocalGet@4461639e,472,1,472,1
502,__original_main,swam.runtime.internals.interpreter.Asm$I32Const@1889224d,473,1,473,1
277,__original_main,I32Add,474,1,474,1
611,__original_main,swam.runtime.internals.interpreter.Asm$Call@ae62c62,475,1,475,1
408,__original_main,swam.runtime.internals.interpreter.Asm$Drop@ec8d77b,476,1,476,1
22,__original_main,swam.runtime.internals.interpreter.Asm$LocalGet@44779285,477,1,477,1
653,__original_main,swam.runtime.internals.interpreter.Asm$LocalGet@42176157,478,1,478,1
983,__original_main,swam.runtime.internals.interpreter.Asm$F64Load@3ace3c17,479,1,479,1
36,__original_main,swam.runtime.internals.interpreter.Asm$F64Store@5c7d08e5,480,1,480,1
394,__original_main,swam.runtime.internals.interpreter.Asm$I32Const@7254b2c3,481,1,481,1
350,__original_main,swam.runtime.internals.interpreter.Asm$LocalGet@6992011c,482,1,482,1
565,__original_main,swam.runtime.internals.interpreter.Asm$I32Const@6d571752,483,1,483,1
438,__original_main,I32Add,484,1,484,1
655,__original_main,swam.runtime.internals.interpreter.Asm$Call@76104b08,485,1,485,1
712,__original_main,swam.runtime.internals.interpreter.Asm$Drop@484a060f,486,1,486,1
257,__original_main,swam.runtime.internals.interpreter.Asm$LocalGet@75c0b08a,487,1,487,1
292,__original_main,swam.runtime.internals.interpreter.Asm$LocalGet@2b4538d7,488,1,488,1
779,__original_main,swam.runtime.internals.interpreter.Asm$F64Load@3002a0dd,489,1,489,1
474,__original_main,swam.runtime.internals.interpreter.Asm$F64Store@36a3aff1,490,1,490,1
267,__original_main,swam.runtime.internals.interpreter.Asm$I32Const@6a55c8a5,491,1,491,1
71,__original_main,swam.runtime.internals.interpreter.Asm$LocalGet@3ca9eebd,492,1,492,1
209,__original_main,swam.runtime.internals.interpreter.Asm$I32Const@4aeafcff,493,1,493,1
411,__original_main,I32Add,494,1,494,1
284,__original_main,swam.runtime.internals.interpreter.Asm$Call@216a0de1,495,1,495,1
2,__original_main,swam.runtime.internals.interpreter.Asm$Drop@175f9907,496,1,496,1
644,__original_main,swam.runtime.internals.interpreter.Asm$LocalGet@43dc1518,497,1,497,1
210,__original_main,swam.runtime.internals.interpreter.Asm$LocalGet@62d616ae,498,1,498,1
781,__original_main,swam.runtime.internals.interpreter.Asm$F64Load@135d20f6,499,1,499,1
380,__original_main,swam.runtime.internals.interpreter.Asm$F64Store@32861dc2,500,1,500,1
987,__original_main,swam.runtime.internals.interpreter.Asm$I32Const@20186d40,501,1,501,1
326,__original_main,swam.runtime.internals.interpreter.Asm$LocalGet@6ee4e0a3,502,1,502,1
788,__original_main,swam.runtime.internals.interpreter.Asm$Call@14826647,503,1,503,1
891,__original_main,swam.runtime.internals.interpreter.Asm$Drop@6a75bc90,504,1,504,1
351,__original_main,swam.runtime.internals.interpreter.Asm$I32Const@495d904d,505,1,505,1
955,__original_main,swam.runtime.internals.interpreter.Asm$Call@2a9235c2,506,1,506,1
33,__original_main,swam.runtime.internals.interpreter.Asm$Drop@68e1c2c1,507,1,507,1
176,__original_main,swam.runtime.internals.interpreter.Asm$LocalGet@175cc5eb,508,1,508,1
307,__original_main,swam.runtime.internals.interpreter.Asm$I32Const@48695a27,509,1,509,1
504,__original_main,I32Add,510,1,510,1
889,__original_main,swam.runtime.internals.interpreter.Asm$GlobalSet@68c713a,511,1,511,1
767,__original_main,swam.runtime.internals.interpreter.Asm$I32Const@866672b,512,1,512,1
384,__original_main,Return,513,1,,
528,_fft,swam.runtime.internals.interpreter.Asm$GlobalGet@4dfc973f,0,378,0,16
443,_fft,swam.runtime.internals.interpreter.Asm$I32Const@f0cbb44,1,378,1,16
642,_fft,I32Sub,2,378,2,16
678,_fft,swam.runtime.internals.interpreter.Asm$LocalTee@70042e2a,3,378,3,16
514,_fft,swam.runtime.internals.interpreter.Asm$GlobalSet@4846810f,4,378,4,16
1000,_fft,swam.runtime.internals.interpreter.Asm$LocalGet@26ce0e82,5,378,5,15
167,_fft,swam.runtime.internals.interpreter.Asm$LocalGet@483f8951,6,378,6,15
106,_fft,I32GeS,7,378,7,15
973,_fft,swam.runtime.internals.interpreter.Asm$BrIf@4911e7f3,8,378,,
620,_fft,swam.runtime.internals.interpreter.Asm$LocalGet@4dcbf72f,9,186,8,14
238,_fft,swam.runtime.internals.interpreter.Asm$LocalGet@d2fe010,10,186,9,14
977,_fft,swam.runtime.internals.interpreter.Asm$LocalGet@1ed52501,11,186,10,14
455,_fft,swam.runtime.internals.interpreter.Asm$LocalGet@63fd026d,12,186,11,14
96,_fft,swam.runtime.internals.interpreter.Asm$I32Const@40f76be2,13,186,12,14
885,_fft,I32Shl,14,186,13,14
735,_fft,swam.runtime.internals.interpreter.Asm$LocalTee@7629d148,15,186,14,14
751,_fft,swam.runtime.internals.interpreter.Asm$Call@2c7071ba,16,186,15,14
954,_fft,swam.runtime.internals.interpreter.Asm$LocalGet@16b1c9e5,17,186,16,14
754,_fft,swam.runtime.internals.interpreter.Asm$LocalGet@432a3924,18,186,17,14
1017,_fft,swam.runtime.internals.interpreter.Asm$I32Const@13a1d68e,19,186,18,14
1050,_fft,I32Shl,20,186,19,14
806,_fft,swam.runtime.internals.interpreter.Asm$LocalTee@3a4acc44,21,186,20,14
807,_fft,I32Add,22,186,21,14
828,_fft,swam.runtime.internals.interpreter.Asm$LocalGet@743338aa,23,186,22,14
600,_fft,swam.runtime.internals.interpreter.Asm$LocalGet@6f7d552a,24,186,23,14
674,_fft,I32Add,25,186,24,14
233,_fft,swam.runtime.internals.interpreter.Asm$LocalGet@10fa69b0,26,186,25,14
68,_fft,swam.runtime.internals.interpreter.Asm$LocalGet@49a801d8,27,186,26,14
231,_fft,swam.runtime.internals.interpreter.Asm$Call@21af54d5,28,186,27,14
805,_fft,swam.runtime.internals.interpreter.Asm$LocalGet@11036234,29,186,28,14
660,_fft,swam.runtime.internals.interpreter.Asm$I32Const@2b7c9598,30,186,29,14
490,_fft,I32LtS,31,186,30,14
122,_fft,swam.runtime.internals.interpreter.Asm$BrIf@1f25c2a,32,186,,
732,_fft,swam.runtime.internals.interpreter.Asm$LocalGet@6dedd59b,33,186,31,13
827,_fft,swam.runtime.internals.interpreter.Asm$I32Const@278f6426,34,186,32,13
426,_fft,I32Shl,35,186,33,13
508,_fft,swam.runtime.internals.interpreter.Asm$LocalSet@d176c87,36,186,34,13
178,_fft,swam.runtime.internals.interpreter.Asm$LocalGet@398aaefb,37,186,35,13
604,_fft,F64ConvertSI32,38,186,36,13
545,_fft,swam.runtime.internals.interpreter.Asm$LocalSet@25a6432f,39,186,37,13
471,_fft,swam.runtime.internals.interpreter.Asm$I32Const@57e8872d,40,186,38,13
1039,_fft,swam.runtime.internals.interpreter.Asm$LocalSet@7a20a1f8,41,186,39,13
246,_fft,swam.runtime.internals.interpreter.Asm$I32Const@4a821e9e,42,480,40,12
749,_fft,swam.runtime.internals.interpreter.Asm$F64Load@733f226e,43,480,41,12
982,_fft,swam.runtime.internals.interpreter.Asm$LocalTee@62ea5a3a,44,480,42,12
356,_fft,swam.runtime.internals.interpreter.Asm$F64Const@4df5b3c3,45,480,43,12
428,_fft,F64Mul,46,480,44,12
449,_fft,swam.runtime.internals.interpreter.Asm$LocalTee@389ae013,47,480,45,12
250,_fft,swam.runtime.internals.interpreter.Asm$F64Const@fb01d0c,48,480,46,12
236,_fft,F64Mul,49,480,47,12
669,_fft,swam.runtime.internals.interpreter.Asm$LocalGet@550e062b,50,480,48,12
150,_fft,F64ConvertSI32,51,480,49,12
325,_fft,swam.runtime.internals.interpreter.Asm$LocalTee@7ec9a3b,52,480,50,12
578,_fft,swam.runtime.internals.interpreter.Asm$LocalGet@13837fc4,53,480,51,12
103,_fft,F64Mul,54,480,52,12
372,_fft,F64Sub,55,480,53,12
431,_fft,swam.runtime.internals.interpreter.Asm$LocalSet@30b2b0aa,56,480,54,12
84,_fft,swam.runtime.internals.interpreter.Asm$LocalGet@20458eeb,57,480,55,11
965,_fft,swam.runtime.internals.interpreter.Asm$LocalGet@13a25585,58,480,56,11
435,_fft,F64Mul,59,480,57,11
460,_fft,swam.runtime.internals.interpreter.Asm$LocalGet@c928670,60,480,58,11
367,_fft,F64Sub,61,480,59,11
870,_fft,swam.runtime.internals.interpreter.Asm$LocalTee@30a9f974,62,480,60,11
44,_fft,swam.runtime.internals.interpreter.Asm$LocalGet@55f6c10f,63,480,61,11
453,_fft,F64Eq,64,480,62,11
140,_fft,swam.runtime.internals.interpreter.Asm$BrIf@74a30139,65,480,,
376,_fft,swam.runtime.internals.interpreter.Asm$LocalGet@3c92ecec,66,0,63,10
638,_fft,swam.runtime.internals.interpreter.Asm$LocalGet@7e7be9b7,67,0,64,10
493,_fft,F64Eq,68,0,65,10
165,_fft,swam.runtime.internals.interpreter.Asm$BrIf@526069d6,69,0,,
970,_fft,swam.runtime.internals.interpreter.Asm$LocalGet@4d3dba9a,70,0,66,9
513,_fft,swam.runtime.internals.interpreter.Asm$I32Const@7e83a90c,71,0,67,9
97,_fft,I32Add,72,0,68,9
555,_fft,swam.runtime.internals.interpreter.Asm$LocalGet@4aca3ca4,73,0,69,9
168,_fft,swam.runtime.internals.interpreter.Asm$LocalGet@2c3045c8,74,0,70,9
595,_fft,F64Neg,75,0,71,9
501,_fft,swam.runtime.internals.interpreter.Asm$LocalGet@1e3dcabf,76,0,72,9
610,_fft,swam.runtime.internals.interpreter.Asm$F64Const@2000b726,77,0,73,9
647,_fft,swam.runtime.internals.interpreter.Asm$Call@486c59dc,78,0,74,9
810,_fft,swam.runtime.internals.interpreter.Asm$LocalGet@2f6bf8eb,79,0,75,9
641,_fft,swam.runtime.internals.interpreter.Asm$F64Load@28b92a91,80,0,76,9
368,_fft,swam.runtime.internals.interpreter.Asm$LocalSet@2ce49a69,81,0,77,9
366,_fft,swam.runtime.internals.interpreter.Asm$LocalGet@32885c2,82,0,78,9
605,_fft,swam.runtime.internals.interpreter.Asm$F64Load@7eef09b6,83,0,79,9
271,_fft,swam.runtime.internals.interpreter.Asm$LocalSet@75c24681,84,0,80,9
11,_fft,swam.runtime.internals.interpreter.Asm$LocalGet@1cf61382,85,480,81,8
421,_fft,swam.runtime.internals.interpreter.Asm$I32Const@1189d193,86,480,82,8
553,_fft,I32Add,87,480,83,8
659,_fft,swam.runtime.internals.interpreter.Asm$LocalGet@6bfb65ef,88,480,84,8
274,_fft,swam.runtime.internals.interpreter.Asm$LocalGet@42fbe372,89,480,85,8
498,_fft,swam.runtime.internals.interpreter.Asm$LocalGet@602015c2,90,480,86,8
227,_fft,swam.runtime.internals.interpreter.Asm$F64Const@5fadcf5b,91,480,87,8
630,_fft,swam.runtime.internals.interpreter.Asm$Call@4ed55af8,92,480,88,8
668,_fft,swam.runtime.internals.interpreter.Asm$LocalGet@551a6e8e,93,480,89,8
475,_fft,swam.runtime.internals.interpreter.Asm$I32Const@25e197e7,94,480,90,8
784,_fft,I32Add,95,480,91,8
866,_fft,swam.runtime.internals.interpreter.Asm$LocalGet@57c48d48,96,480,92,8
980,_fft,swam.runtime.internals.interpreter.Asm$I64Load@123dccea,97,480,93,8
276,_fft,swam.runtime.internals.interpreter.Asm$LocalTee@217fda49,98,480,94,8
105,_fft,swam.runtime.internals.interpreter.Asm$I64Store@7618337d,99,480,95,8
519,_fft,swam.runtime.internals.interpreter.Asm$LocalGet@6abeff4f,100,480,96,8
979,_fft,swam.runtime.internals.interpreter.Asm$LocalGet@214f2666,101,480,97,8
193,_fft,swam.runtime.internals.interpreter.Asm$I64Store@7c0a6f48,102,480,98,8
400,_fft,swam.runtime.internals.interpreter.Asm$LocalGet@3f4d665a,103,480,99,8
741,_fft,swam.runtime.internals.interpreter.Asm$LocalGet@15802902,104,480,100,8
798,_fft,swam.runtime.internals.interpreter.Asm$I64Load@8079443,105,480,101,8
293,_fft,swam.runtime.internals.interpreter.Asm$LocalTee@af1fba3,106,480,102,8
699,_fft,swam.runtime.internals.interpreter.Asm$I64Store@28bd054b,107,480,103,8
322,_fft,swam.runtime.internals.interpreter.Asm$LocalGet@1e3efbee,108,480,104,8
617,_fft,swam.runtime.internals.interpreter.Asm$LocalGet@6e4f2181,109,480,105,8
95,_fft,swam.runtime.internals.interpreter.Asm$I64Store@621499d,110,480,106,8
335,_fft,swam.runtime.internals.interpreter.Asm$LocalGet@33f4c58d,111,480,107,8
899,_fft,swam.runtime.internals.interpreter.Asm$I32Const@6fa85830,112,480,108,8
205,_fft,I32Add,113,480,109,8
976,_fft,swam.runtime.internals.interpreter.Asm$LocalGet@583d7f8a,114,480,110,8
226,_fft,swam.runtime.internals.interpreter.Asm$Call@7fcf9c1e,115,480,111,8
1035,_fft,swam.runtime.internals.interpreter.Asm$LocalGet@553f475c,116,480,112,8
497,_fft,swam.runtime.internals.interpreter.Asm$F64Load@4f79396c,117,480,113,8
430,_fft,swam.runtime.internals.interpreter.Asm$LocalTee@32dc0bf8,118,480,114,8
436,_fft,swam.runtime.internals.interpreter.Asm$LocalGet@39e7b26e,119,480,115,8
240,_fft,swam.runtime.internals.interpreter.Asm$LocalGet@41d4a9d7,120,480,116,8
634,_fft,I32Add,121,480,117,8
58,_fft,swam.runtime.internals.interpreter.Asm$LocalTee@3a02c619,122,480,118,8
720,_fft,swam.runtime.internals.interpreter.Asm$F64Load@2e0d38e4,123,480,119,8
425,_fft,swam.runtime.internals.interpreter.Asm$LocalTee@12e211d8,124,480,120,8
144,_fft,F64Mul,125,480,121,8
1009,_fft,swam.runtime.internals.interpreter.Asm$LocalGet@3cd2cff2,126,480,122,8
584,_fft,swam.runtime.internals.interpreter.Asm$F64Load@5b972fda,127,480,123,8
439,_fft,swam.runtime.internals.interpreter.Asm$LocalTee@6e3c0e77,128,480,124,8
844,_fft,swam.runtime.internals.interpreter.Asm$LocalGet@2de44c1,129,480,125,8
18,_fft,swam.runtime.internals.interpreter.Asm$I32Const@5b66f82f,130,480,126,8
904,_fft,I32Add,131,480,127,8
470,_fft,swam.runtime.internals.interpreter.Asm$F64Load@6b296754,132,480,128,8
204,_fft,swam.runtime.internals.interpreter.Asm$LocalTee@2a9c954c,133,480,129,8
1053,_fft,F64Mul,134,480,130,8
733,_fft,F64Add,135,480,131,8
730,_fft,swam.runtime.internals.interpreter.Asm$LocalSet@74137917,136,480,132,8
434,_fft,swam.runtime.internals.interpreter.Asm$LocalGet@6bb6f72b,137,480,133,7
314,_fft,swam.runtime.internals.interpreter.Asm$LocalGet@10473a0f,138,480,134,7
21,_fft,F64Mul,139,480,135,7
149,_fft,swam.runtime.internals.interpreter.Asm$LocalGet@52ec50ca,140,480,136,7
858,_fft,swam.runtime.internals.interpreter.Asm$LocalGet@787bc775,141,480,137,7
377,_fft,F64Mul,142,480,138,7
221,_fft,F64Sub,143,480,139,7
794,_fft,swam.runtime.internals.interpreter.Asm$LocalTee@21170a7e,144,480,140,7
991,_fft,swam.runtime.internals.interpreter.Asm$LocalGet@2f39c969,145,480,141,7
331,_fft,F64Eq,146,480,142,7
682,_fft,swam.runtime.internals.interpreter.Asm$BrIf@4ed3fc45,147,480,,
268,_fft,swam.runtime.internals.interpreter.Asm$LocalGet@30e0a499,148,0,143,6
55,_fft,swam.runtime.internals.interpreter.Asm$LocalGet@3b37bcb2,149,0,144,6
304,_fft,F64Eq,150,0,145,6
710,_fft,swam.runtime.internals.interpreter.Asm$BrIf@c39af86,151,0,,
199,_fft,swam.runtime.internals.interpreter.Asm$LocalGet@637473cc,152,0,146,5
500,_fft,swam.runtime.internals.interpreter.Asm$I32Const@500839bd,153,0,147,5
582,_fft,I32Add,154,0,148,5
524,_fft,swam.runtime.internals.interpreter.Asm$LocalGet@411368a7,155,0,149,5
130,_fft,swam.runtime.internals.interpreter.Asm$LocalGet@7231ef20,156,0,150,5
334,_fft,swam.runtime.internals.interpreter.Asm$LocalGet@7ba6001c,157,0,151,5
73,_fft,swam.runtime.internals.interpreter.Asm$LocalGet@65affc9b,158,0,152,5
16,_fft,swam.runtime.internals.interpreter.Asm$Call@28432632,159,0,153,5
441,_fft,swam.runtime.internals.interpreter.Asm$LocalGet@361f03c5,160,0,154,5
871,_fft,swam.runtime.internals.interpreter.Asm$F64Load@3322b7a9,161,0,155,5
92,_fft,swam.runtime.internals.interpreter.Asm$LocalSet@6144ea99,162,0,156,5
14,_fft,swam.runtime.internals.interpreter.Asm$LocalGet@4054f33,163,0,157,5
369,_fft,swam.runtime.internals.interpreter.Asm$F64Load@3c43ff1,164,0,158,5
98,_fft,swam.runtime.internals.interpreter.Asm$LocalSet@563a2be9,165,0,159,5
742,_fft,swam.runtime.internals.interpreter.Asm$LocalGet@9808012,166,480,160,4
688,_fft,swam.runtime.internals.interpreter.Asm$F64Load@2370e151,167,480,161,4
583,_fft,swam.runtime.internals.interpreter.Asm$LocalSet@5362172d,168,480,162,4
586,_fft,swam.runtime.internals.interpreter.Asm$LocalGet@13a84d0,169,480,163,4
897,_fft,swam.runtime.internals.interpreter.Asm$LocalGet@1d5b136a,170,480,164,4
169,_fft,swam.runtime.internals.interpreter.Asm$I32Const@7dcfa741,171,480,165,4
89,_fft,I32DivS,172,480,166,4
46,_fft,swam.runtime.internals.interpreter.Asm$I32Const@2bada5eb,173,480,167,4
382,_fft,I32Shl,174,480,168,4
1028,_fft,I32Add,175,480,169,4
56,_fft,swam.runtime.internals.interpreter.Asm$LocalTee@79a62451,176,480,170,4
1007,_fft,swam.runtime.internals.interpreter.Asm$LocalGet@f503911,177,480,171,4
469,_fft,swam.runtime.internals.interpreter.Asm$LocalGet@260a64d7,178,480,172,4
315,_fft,swam.runtime.internals.interpreter.Asm$I32Const@48aa4eca,179,480,173,4
264,_fft,I32Add,180,480,174,4
1029,_fft,swam.runtime.internals.interpreter.Asm$LocalTee@6056fd50,181,480,175,4
796,_fft,swam.runtime.internals.interpreter.Asm$F64Load@70243b18,182,480,176,4
791,_fft,F64Add,183,480,177,4
591,_fft,swam.runtime.internals.interpreter.Asm$F64Store@3273c093,184,480,178,4
998,_fft,swam.runtime.internals.interpreter.Asm$LocalGet@4cdf654c,185,480,179,4
723,_fft,swam.runtime.internals.interpreter.Asm$LocalGet@729c0170,186,480,180,4
319,_fft,swam.runtime.internals.interpreter.Asm$LocalGet@5dd67d72,187,480,181,4
300,_fft,F64Add,188,480,182,4
463,_fft,swam.runtime.internals.interpreter.Asm$F64Store@72eebeed,189,480,183,4
646,_fft,swam.runtime.internals.interpreter.Asm$LocalGet@33fa7a8b,190,480,184,4
88,_fft,swam.runtime.internals.interpreter.Asm$F64Load@2149e40b,191,480,185,4
863,_fft,swam.runtime.internals.interpreter.Asm$LocalSet@24ec85,192,480,186,4
111,_fft,swam.runtime.internals.interpreter.Asm$LocalGet@444d7272,193,480,187,4
269,_fft,swam.runtime.internals.interpreter.Asm$LocalGet@a810979,194,480,188,4
253,_fft,swam.runtime.internals.interpreter.Asm$LocalGet@33342e1a,195,480,189,4
883,_fft,I32Add,196,480,190,4
444,_fft,swam.runtime.internals.interpreter.Asm$I32Const@4035df82,197,480,191,4
461,_fft,I32DivS,198,480,192,4
181,_fft,swam.runtime.internals.interpreter.Asm$I32Const@71cdefb,199,480,193,4
1043,_fft,I32Shl,200,480,194,4
575,_fft,I32Add,201,480,195,4
672,_fft,swam.runtime.internals.interpreter.Asm$LocalTee@b1a915d,202,480,196,4
137,_fft,swam.runtime.internals.interpreter.Asm$LocalGet@11e053db,203,480,197,4
540,_fft,swam.runtime.internals.interpreter.Asm$F64Load@4e8fea0b,204,480,198,4
139,_fft,swam.runtime.internals.interpreter.Asm$LocalGet@641c73df,205,480,199,4
511,_fft,F64Sub,206,480,200,4
134,_fft,swam.runtime.internals.interpreter.Asm$F64Store@5c153393,207,480,201,4
804,_fft,swam.runtime.internals.interpreter.Asm$LocalGet@7a24b5f,208,480,202,4
656,_fft,swam.runtime.internals.interpreter.Asm$LocalGet@7596aa32,209,480,203,4
608,_fft,swam.runtime.internals.interpreter.Asm$LocalGet@2b2d5f4e,210,480,204,4
104,_fft,F64Sub,211,480,205,4
532,_fft,swam.runtime.internals.interpreter.Asm$F64Store@a7de0ff,212,480,206,4
65,_fft,swam.runtime.internals.interpreter.Asm$LocalGet@6da263e1,213,480,207,4
287,_fft,swam.runtime.internals.interpreter.Asm$LocalGet@dbfaa9c,214,480,208,4
938,_fft,I32Add,215,480,209,4
456,_fft,swam.runtime.internals.interpreter.Asm$LocalSet@7ed8e5ff,216,480,210,4
109,_fft,swam.runtime.internals.interpreter.Asm$LocalGet@737934bb,217,480,211,4
263,_fft,swam.runtime.internals.interpreter.Asm$LocalGet@18984ef8,218,480,212,4
346,_fft,I32Add,219,480,213,4
272,_fft,swam.runtime.internals.interpreter.Asm$LocalTee@4033e0cc,220,480,214,4
919,_fft,swam.runtime.internals.interpreter.Asm$LocalGet@3b42d4c9,221,480,215,4
110,_fft,I32LtS,222,480,216,4
465,_fft,swam.runtime.internals.interpreter.Asm$BrIf@3c0cacdb,223,480,,
72,_fft,swam.runtime.internals.interpreter.Asm$LocalGet@35069e31,224,378,217,1
895,_fft,swam.runtime.internals.interpreter.Asm$I32Const@7d51061d,225,378,218,1
865,_fft,I32Add,226,378,219,1
687,_fft,swam.runtime.internals.interpreter.Asm$GlobalSet@3124c3dc,227,378,220,1
969,_fft,Return,228,378,,
908,deconv,swam.runtime.internals.interpreter.Asm$GlobalGet@30b4c850,0,2,0,34
737,deconv,swam.runtime.internals.interpreter.Asm$I32Const@4bcbeee3,1,2,1,34
715,deconv,I32Sub,2,2,2,34
516,deconv,swam.runtime.internals.interpreter.Asm$LocalTee@75a44609,3,2,3,34
112,deconv,swam.runtime.internals.interpreter.Asm$LocalSet@644e4254,4,2,4,34
302,deconv,swam.runtime.internals.interpreter.Asm$LocalGet@2cf8147a,5,2,5,34
857,deconv,swam.runtime.internals.interpreter.Asm$GlobalSet@5839b969,6,2,6,34
777,deconv,swam.runtime.internals.interpreter.Asm$I32Const@33ddbee3,7,2,7,34
800,deconv,swam.runtime.internals.interpreter.Asm$LocalSet@4ade5a7e,8,2,8,34
120,deconv,swam.runtime.internals.interpreter.Asm$LocalGet@5d4f64c1,9,12,9,33
736,deconv,swam.runtime.internals.interpreter.Asm$LocalTee@4889ab64,10,12,10,33
196,deconv,swam.runtime.internals.interpreter.Asm$I32Const@36566a17,11,12,11,33
542,deconv,I32Shl,12,12,12,33
903,deconv,swam.runtime.internals.interpreter.Asm$LocalSet@513b7d2d,13,12,13,33
818,deconv,swam.runtime.internals.interpreter.Asm$LocalGet@6ca6c3a6,14,12,14,33
694,deconv,swam.runtime.internals.interpreter.Asm$LocalGet@62f4146d,15,12,15,33
353,deconv,I32LtS,16,12,16,33
854,deconv,swam.runtime.internals.interpreter.Asm$BrIf@775ae71c,17,12,,
632,deconv,swam.runtime.internals.interpreter.Asm$I32Const@2c547bde,18,2,17,31
803,deconv,swam.runtime.internals.interpreter.Asm$LocalGet@3f97fb79,19,2,18,31
113,deconv,swam.runtime.internals.interpreter.Asm$Call@16140ee7,20,2,19,31
479,deconv,swam.runtime.internals.interpreter.Asm$LocalSet@1de14be0,21,2,20,31
832,deconv,swam.runtime.internals.interpreter.Asm$LocalGet@3da5e7af,22,2,21,30
450,deconv,swam.runtime.internals.interpreter.Asm$I32Const@11cb41f5,23,2,22,30
1013,deconv,I32LtS,24,2,23,30
868,deconv,swam.runtime.internals.interpreter.Asm$BrIf@40eb0828,25,2,,
1055,deconv,swam.runtime.internals.interpreter.Asm$LocalGet@6020669f,26,2,24,29
951,deconv,swam.runtime.internals.interpreter.Asm$LocalSet@27137180,27,2,25,29
392,deconv,swam.runtime.internals.interpreter.Asm$LocalGet@22d16306,28,2,26,29
651,deconv,swam.runtime.internals.interpreter.Asm$LocalSet@681f7731,29,2,27,29
87,deconv,swam.runtime.internals.interpreter.Asm$LocalGet@2df71588,30,42,28,28
86,deconv,swam.runtime.internals.interpreter.Asm$LocalGet@6ba121dd,31,42,29,28
440,deconv,swam.runtime.internals.interpreter.Asm$I64Load@32efb334,32,42,30,28
171,deconv,swam.runtime.internals.interpreter.Asm$I64Store@22b1bef4,33,42,31,28
1010,deconv,swam.runtime.internals.interpreter.Asm$LocalGet@5972e577,34,42,32,28
869,deconv,swam.runtime.internals.interpreter.Asm$I32Const@43f4928f,35,42,33,28
993,deconv,I32Add,36,42,34,28
517,deconv,swam.runtime.internals.interpreter.Asm$LocalSet@160c4a78,37,42,35,28
34,deconv,swam.runtime.internals.interpreter.Asm$LocalGet@2d67e1b1,38,42,36,28
845,deconv,swam.runtime.internals.interpreter.Asm$I32Const@60898dbc,39,42,37,28
552,deconv,I32Add,40,42,38,28
999,deconv,swam.runtime.internals.interpreter.Asm$LocalSet@2956106c,41,42,39,28
1026,deconv,swam.runtime.internals.interpreter.Asm$LocalGet@5e07de9e,42,42,40,28
700,deconv,swam.runtime.internals.interpreter.Asm$I32Const@656135ec,43,42,41,28
677,deconv,I32Add,44,42,42,28
808,deconv,swam.runtime.internals.interpreter.Asm$LocalTee@3a06a447,45,42,43,28
39,deconv,swam.runtime.internals.interpreter.Asm$BrIf@28943ae4,46,42,,
561,deconv,swam.runtime.internals.interpreter.Asm$LocalGet@7044f84e,47,2,44,24
843,deconv,swam.runtime.internals.interpreter.Asm$BrIf@335f4fd9,48,2,,
606,deconv,swam.runtime.internals.interpreter.Asm$I32Const@7b3ec744,49,0,45,23
761,deconv,swam.runtime.internals.interpreter.Asm$LocalSet@7fbd90c9,50,0,46,23
235,deconv,swam.runtime.internals.interpreter.Asm$LocalGet@1789fc9b,51,0,47,22
151,deconv,swam.runtime.internals.interpreter.Asm$LocalTee@6fe7c3a8,52,0,48,22
797,deconv,swam.runtime.internals.interpreter.Asm$I32Const@115a38ec,53,0,49,22
397,deconv,I32Shl,54,0,50,22
867,deconv,swam.runtime.internals.interpreter.Asm$LocalSet@678c9098,55,0,51,22
483,deconv,swam.runtime.internals.interpreter.Asm$LocalGet@5b0e18d6,56,0,52,22
278,deconv,swam.runtime.internals.interpreter.Asm$LocalGet@7e956b2a,57,0,53,22
47,deconv,I32LtS,58,0,54,22
988,deconv,swam.runtime.internals.interpreter.Asm$BrIf@21185546,59,0,,
406,deconv,swam.runtime.internals.interpreter.Asm$I32Const@6a0d29c1,60,2,55,19
864,deconv,swam.runtime.internals.interpreter.Asm$LocalGet@4a693ea4,61,2,56,19
244,deconv,swam.runtime.internals.interpreter.Asm$Call@526e05f0,62,2,57,19
1018,deconv,swam.runtime.internals.interpreter.Asm$LocalSet@a87ca4b,63,2,58,19
451,deconv,swam.runtime.internals.interpreter.Asm$LocalGet@30a5a3be,64,2,59,18
301,deconv,swam.runtime.internals.interpreter.Asm$I32Const@364a6338,65,2,60,18
716,deconv,I32LtS,66,2,61,18
931,deconv,swam.runtime.internals.interpreter.Asm$BrIf@5c0889ee,67,2,,
1027,deconv,swam.runtime.internals.interpreter.Asm$LocalGet@30785f1d,68,2,62,17
900,deconv,swam.runtime.internals.interpreter.Asm$LocalSet@451e3433,69,2,63,17
696,deconv,swam.runtime.internals.interpreter.Asm$LocalGet@41319404,70,2,64,17
851,deconv,swam.runtime.internals.interpreter.Asm$LocalSet@29f27c37,71,2,65,17
279,deconv,swam.runtime.internals.interpreter.Asm$LocalGet@63e8e7f9,72,22,66,16
830,deconv,swam.runtime.internals.interpreter.Asm$LocalGet@61d711e7,73,22,67,16
323,deconv,swam.runtime.internals.interpreter.Asm$I64Load@706d28b6,74,22,68,16
597,deconv,swam.runtime.internals.interpreter.Asm$I64Store@6ab8e5c7,75,22,69,16
131,deconv,swam.runtime.internals.interpreter.Asm$LocalGet@3291234,76,22,70,16
580,deconv,swam.runtime.internals.interpreter.Asm$I32Const@234f8ab4,77,22,71,16
572,deconv,I32Add,78,22,72,16
873,deconv,swam.runtime.internals.interpreter.Asm$LocalSet@4c97ccaa,79,22,73,16
598,deconv,swam.runtime.internals.interpreter.Asm$LocalGet@1d322ab8,80,22,74,16
622,deconv,swam.runtime.internals.interpreter.Asm$I32Const@78c3c27f,81,22,75,16
100,deconv,I32Add,82,22,76,16
332,deconv,swam.runtime.internals.interpreter.Asm$LocalSet@7ef7e705,83,22,77,16
207,deconv,swam.runtime.internals.interpreter.Asm$LocalGet@5d735576,84,22,78,16
23,deconv,swam.runtime.internals.interpreter.Asm$I32Const@79198f01,85,22,79,16
375,deconv,I32Add,86,22,80,16
338,deconv,swam.runtime.internals.interpreter.Asm$LocalTee@321b6901,87,22,81,16
162,deconv,swam.runtime.internals.interpreter.Asm$BrIf@4ec0964f,88,22,,
286,deconv,swam.runtime.internals.interpreter.Asm$LocalGet@3b58d95c,89,2,82,13
835,deconv,swam.runtime.internals.interpreter.Asm$LocalGet@241fc334,90,2,83,13
856,deconv,swam.runtime.internals.interpreter.Asm$Call@3934c45a,91,2,84,13
239,deconv,swam.runtime.internals.interpreter.Asm$LocalGet@19e1e354,92,2,85,13
706,deconv,swam.runtime.internals.interpreter.Asm$LocalGet@21829196,93,2,86,13
345,deconv,swam.runtime.internals.interpreter.Asm$Call@3d2d0ab0,94,2,87,13
437,deconv,swam.runtime.internals.interpreter.Asm$LocalGet@1c757218,95,2,88,13
985,deconv,swam.runtime.internals.interpreter.Asm$LocalGet@5b767062,96,2,89,13
50,deconv,swam.runtime.internals.interpreter.Asm$I32Const@11741572,97,2,90,13
355,deconv,I32Shl,98,2,91,13
809,deconv,I32Sub,99,2,92,13
12,deconv,swam.runtime.internals.interpreter.Asm$LocalTee@1b806749,100,2,93,13
116,deconv,swam.runtime.internals.interpreter.Asm$GlobalSet@15c9abaa,101,2,94,13
467,deconv,swam.runtime.internals.interpreter.Asm$LocalGet@73f9f08c,102,2,95,12
564,deconv,swam.runtime.internals.interpreter.Asm$I32Const@6e534c54,103,2,96,12
172,deconv,I32LtS,104,2,97,12
802,deconv,swam.runtime.internals.interpreter.Asm$BrIf@3e12be1e,105,2,,
202,deconv,swam.runtime.internals.interpreter.Asm$LocalGet@363340e0,106,2,98,11
77,deconv,swam.runtime.internals.interpreter.Asm$LocalSet@27b57234,107,2,99,11
765,deconv,swam.runtime.internals.interpreter.Asm$LocalGet@117e6d73,108,2,100,11
85,deconv,swam.runtime.internals.interpreter.Asm$LocalSet@2282b77c,109,2,101,11
619,deconv,swam.runtime.internals.interpreter.Asm$LocalGet@207c9693,110,2,102,11
637,deconv,swam.runtime.internals.interpreter.Asm$LocalSet@71fee6dd,111,2,103,11
621,deconv,swam.runtime.internals.interpreter.Asm$LocalGet@5a1f843e,112,2,104,11
640,deconv,swam.runtime.internals.interpreter.Asm$LocalSet@2ef7f99c,113,2,105,11
127,deconv,swam.runtime.internals.interpreter.Asm$LocalGet@b3f4ad8,114,64,106,10
485,deconv,swam.runtime.internals.interpreter.Asm$I32Const@6a199eda,115,64,107,10
31,deconv,I32Add,116,64,108,10
846,deconv,swam.runtime.internals.interpreter.Asm$LocalGet@3c5afebf,117,64,109,10
395,deconv,swam.runtime.internals.interpreter.Asm$F64Load@76b2651d,118,64,110,10
923,deconv,swam.runtime.internals.interpreter.Asm$LocalGet@45029b67,119,64,111,10
1008,deconv,swam.runtime.internals.interpreter.Asm$I32Const@2fbe56e8,120,64,112,10
189,deconv,I32Add,121,64,113,10
819,deconv,swam.runtime.internals.interpreter.Asm$F64Load@61b3196b,122,64,114,10
195,deconv,swam.runtime.internals.interpreter.Asm$LocalGet@5a61a5f1,123,64,115,10
676,deconv,swam.runtime.internals.interpreter.Asm$F64Load@2fcbd2f7,124,64,116,10
468,deconv,swam.runtime.internals.interpreter.Asm$LocalGet@7f39759f,125,64,117,10
842,deconv,swam.runtime.internals.interpreter.Asm$I32Const@3b8cf072,126,64,118,10
914,deconv,I32Add,127,64,119,10
180,deconv,swam.runtime.internals.interpreter.Asm$F64Load@5cf99536,128,64,120,10
950,deconv,swam.runtime.internals.interpreter.Asm$Call@65974ba,129,64,121,10
177,deconv,swam.runtime.internals.interpreter.Asm$LocalGet@74b9eac,130,64,122,10
726,deconv,swam.runtime.internals.interpreter.Asm$I64Load@66cc371b,131,64,123,10
679,deconv,swam.runtime.internals.interpreter.Asm$LocalSet@59a783d8,132,64,124,10
708,deconv,swam.runtime.internals.interpreter.Asm$LocalGet@5ff541ba,133,64,125,10
631,deconv,swam.runtime.internals.interpreter.Asm$I32Const@2a18c710,134,64,126,10
433,deconv,I32Add,135,64,127,10
711,deconv,swam.runtime.internals.interpreter.Asm$LocalGet@398291b6,136,64,128,10
247,deconv,swam.runtime.internals.interpreter.Asm$I64Load@78676812,137,64,129,10
953,deconv,swam.runtime.internals.interpreter.Asm$I64Store@5b008a9b,138,64,130,10
675,deconv,swam.runtime.internals.interpreter.Asm$LocalGet@35a05d48,139,64,131,10
593,deconv,swam.runtime.internals.interpreter.Asm$LocalGet@1ca6ddc9,140,64,132,10
996,deconv,swam.runtime.internals.interpreter.Asm$I64Store@40e62b9e,141,64,133,10
126,deconv,swam.runtime.internals.interpreter.Asm$LocalGet@3fd76478,142,64,134,10
60,deconv,swam.runtime.internals.interpreter.Asm$I32Const@749a10a0,143,64,135,10
820,deconv,I32Add,144,64,136,10
407,deconv,swam.runtime.internals.interpreter.Asm$LocalSet@198ca880,145,64,137,10
719,deconv,swam.runtime.internals.interpreter.Asm$LocalGet@4f7375dd,146,64,138,10
817,deconv,swam.runtime.internals.interpreter.Asm$I32Const@58169ce7,147,64,139,10
652,deconv,I32Add,148,64,140,10
260,deconv,swam.runtime.internals.interpreter.Asm$LocalSet@147d4817,149,64,141,10
330,deconv,swam.runtime.internals.interpreter.Asm$LocalGet@375ff8b5,150,64,142,10
349,deconv,swam.runtime.internals.interpreter.Asm$I32Const@3cbff4b1,151,64,143,10
1040,deconv,I32Add,152,64,144,10
775,deconv,swam.runtime.internals.interpreter.Asm$LocalSet@287aa59e,153,64,145,10
308,deconv,swam.runtime.internals.interpreter.Asm$LocalGet@653644c3,154,64,146,10
590,deconv,swam.runtime.internals.interpreter.Asm$I32Const@6187631e,155,64,147,10
1020,deconv,I32Add,156,64,148,10
290,deconv,swam.runtime.internals.interpreter.Asm$LocalTee@26312dc9,157,64,149,10
667,deconv,swam.runtime.internals.interpreter.Asm$BrIf@296ef57a,158,64,,
629,deconv,swam.runtime.internals.interpreter.Asm$LocalGet@7b25ce1e,159,2,150,7
371,deconv,swam.runtime.internals.interpreter.Asm$LocalGet@16b49406,160,2,151,7
821,deconv,swam.runtime.internals.interpreter.Asm$Call@6ead774f,161,2,152,7
882,deconv,swam.runtime.internals.interpreter.Asm$LocalGet@52ce9b0f,162,2,153,6
186,deconv,swam.runtime.internals.interpreter.Asm$LocalGet@6d9d9904,163,2,154,6
877,deconv,I32Sub,164,2,155,6
1037,deconv,swam.runtime.internals.interpreter.Asm$LocalTee@5c2852ed,165,2,156,6
968,deconv,swam.runtime.internals.interpreter.Asm$I32Const@4cb2d0f4,166,2,157,6
20,deconv,I32GtS,167,2,158,6
705,deconv,swam.runtime.internals.interpreter.Asm$BrIf@22ce3a38,168,2,,
1052,deconv,swam.runtime.internals.interpreter.Asm$I32Const@49bf32b4,169,2,159,5
1047,deconv,swam.runtime.internals.interpreter.Asm$LocalSet@4b41d650,170,2,160,5
1005,deconv,swam.runtime.internals.interpreter.Asm$LocalGet@53c6d077,171,22,161,4
618,deconv,swam.runtime.internals.interpreter.Asm$LocalGet@3b233bb1,172,22,162,4
778,deconv,swam.runtime.internals.interpreter.Asm$LocalGet@3048edda,173,22,163,4
615,deconv,swam.runtime.internals.interpreter.Asm$LocalGet@32b52e28,174,22,164,4
942,deconv,I32Add,175,22,165,4
141,deconv,swam.runtime.internals.interpreter.Asm$I32Const@3460a698,176,22,166,4
848,deconv,I32Add,177,22,167,4
684,deconv,swam.runtime.internals.interpreter.Asm$LocalGet@13903acb,178,22,168,4
649,deconv,I32RemS,179,22,169,4
906,deconv,swam.runtime.internals.interpreter.Asm$I32Const@388b69fd,180,22,170,4
9,deconv,I32Shl,181,22,171,4
704,deconv,I32Add,182,22,172,4
538,deconv,swam.runtime.internals.interpreter.Asm$LocalTee@2365a103,183,22,173,4
666,deconv,swam.runtime.internals.interpreter.Asm$F64Load@66dc17ac,184,22,174,4
417,deconv,swam.runtime.internals.interpreter.Asm$LocalGet@3739bfa2,185,22,175,4
164,deconv,swam.runtime.internals.interpreter.Asm$F64Load@119eaeb0,186,22,176,4
928,deconv,swam.runtime.internals.interpreter.Asm$F64Const@53a712,187,22,177,4
947,deconv,swam.runtime.internals.interpreter.Asm$F64Const@7ddb860f,188,22,178,4
967,deconv,swam.runtime.internals.interpreter.Asm$Call@6fcbc948,189,22,179,4
852,deconv,swam.runtime.internals.interpreter.Asm$LocalGet@42b6c0b0,190,22,180,4
391,deconv,swam.runtime.internals.interpreter.Asm$LocalGet@2c0377c6,191,22,181,4
145,deconv,swam.runtime.internals.interpreter.Asm$I64Load@4c4e3f00,192,22,182,4
799,deconv,swam.runtime.internals.interpreter.Asm$I64Store@1bf35ee3,193,22,183,4
837,deconv,swam.runtime.internals.interpreter.Asm$LocalGet@157e383a,194,22,184,4
546,deconv,swam.runtime.internals.interpreter.Asm$I32Const@3959335b,195,22,185,4
518,deconv,I32Add,196,22,186,4
658,deconv,swam.runtime.internals.interpreter.Asm$LocalSet@1fc72514,197,22,187,4
62,deconv,swam.runtime.internals.interpreter.Asm$LocalGet@75f3355a,198,22,188,4
259,deconv,swam.runtime.internals.interpreter.Asm$I32Const@4308841c,199,22,189,4
560,deconv,I32Add,200,22,190,4
990,deconv,swam.runtime.internals.interpreter.Asm$LocalTee@4ca8dfd1,201,22,191,4
753,deconv,swam.runtime.internals.interpreter.Asm$LocalGet@498c5e29,202,22,192,4
921,deconv,I32GtS,203,22,193,4
757,deconv,swam.runtime.internals.interpreter.Asm$BrIf@5a97eb2e,204,22,,
413,deconv,swam.runtime.internals.interpreter.Asm$LocalGet@24da95fe,205,2,194,1
526,deconv,swam.runtime.internals.interpreter.Asm$Call@67674313,206,2,195,1
771,deconv,swam.runtime.internals.interpreter.Asm$LocalGet@4e2ab2c0,207,2,196,1
82,deconv,swam.runtime.internals.interpreter.Asm$Call@3ceea099,208,2,197,1
423,deconv,swam.runtime.internals.interpreter.Asm$LocalGet@1be6b8c6,209,2,198,1
628,deconv,swam.runtime.internals.interpreter.Asm$I32Const@2ad583fe,210,2,199,1
636,deconv,I32Add,211,2,200,1
789,deconv,swam.runtime.internals.interpreter.Asm$GlobalSet@36a657ba,212,2,201,1
574,deconv,Return,213,2,,
442,fft,swam.runtime.internals.interpreter.Asm$GlobalGet@14d42ac,0,6,0,7
612,fft,swam.runtime.internals.interpreter.Asm$LocalTee@4b70c55f,1,6,1,7
212,fft,swam.runtime.internals.interpreter.Asm$LocalSet@3030c095,2,6,2,7
935,fft,swam.runtime.internals.interpreter.Asm$LocalGet@2517dd40,3,6,3,7
154,fft,swam.runtime.internals.interpreter.Asm$LocalGet@70feac74,4,6,4,7
635,fft,swam.runtime.internals.interpreter.Asm$I32Const@1d32922c,5,6,5,7
374,fft,I32Shl,6,6,6,7
101,fft,I32Sub,7,6,7,7
925,fft,swam.runtime.internals.interpreter.Asm$LocalTee@c7d012e,8,6,8,7
701,fft,swam.runtime.internals.interpreter.Asm$GlobalSet@7d0fc807,9,6,9,7
37,fft,swam.runtime.internals.interpreter.Asm$LocalGet@3aec2e61,10,6,10,6
370,fft,swam.runtime.internals.interpreter.Asm$I32Const@51f51d6f,11,6,11,6
499,fft,I32LtS,12,6,12,6
281,fft,swam.runtime.internals.interpreter.Asm$BrIf@913d07a,13,6,,
665,fft,swam.runtime.internals.interpreter.Asm$LocalGet@3fa7f670,14,6,13,5
815,fft,swam.runtime.internals.interpreter.Asm$LocalSet@a60ff16,15,6,14,5
673,fft,swam.runtime.internals.interpreter.Asm$LocalGet@2e00e14b,16,6,15,5
860,fft,swam.runtime.internals.interpreter.Asm$LocalSet@2c2cd570,17,6,16,5
418,fft,swam.runtime.internals.interpreter.Asm$LocalGet@1c6c981f,18,6,17,5
811,fft,swam.runtime.internals.interpreter.Asm$LocalSet@25732df0,19,6,18,5
13,fft,swam.runtime.internals.interpreter.Asm$LocalGet@188e7c4b,20,192,19,4
285,fft,swam.runtime.internals.interpreter.Asm$LocalGet@36ed89b6,21,192,20,4
69,fft,swam.runtime.internals.interpreter.Asm$I64Load@7d55b587,22,192,21,4
78,fft,swam.runtime.internals.interpreter.Asm$I64Store@3d64197d,23,192,22,4
5,fft,swam.runtime.internals.interpreter.Asm$LocalGet@57b663b6,24,192,23,4
974,fft,swam.runtime.internals.interpreter.Asm$I32Const@69586d21,25,192,24,4
138,fft,I32Add,26,192,25,4
1021,fft,swam.runtime.internals.interpreter.Asm$LocalGet@2d437dd8,27,192,26,4
399,fft,swam.runtime.internals.interpreter.Asm$I32Const@68580338,28,192,27,4
693,fft,I32Add,29,192,28,4
220,fft,swam.runtime.internals.interpreter.Asm$I64Load@5b37f193,30,192,29,4
175,fft,swam.runtime.internals.interpreter.Asm$I64Store@38b58a17,31,192,30,4
161,fft,swam.runtime.internals.interpreter.Asm$LocalGet@7b890ad,32,192,31,4
270,fft,swam.runtime.internals.interpreter.Asm$I32Const@3116a0e6,33,192,32,4
1025,fft,I32Add,34,192,33,4
952,fft,swam.runtime.internals.interpreter.Asm$LocalSet@3a303bb2,35,192,34,4
266,fft,swam.runtime.internals.interpreter.Asm$LocalGet@4dcedc4b,36,192,35,4
206,fft,swam.runtime.internals.interpreter.Asm$I32Const@716b2ffb,37,192,36,4
709,fft,I32Add,38,192,37,4
359,fft,swam.runtime.internals.interpreter.Asm$LocalSet@609f4cfa,39,192,38,4
358,fft,swam.runtime.internals.interpreter.Asm$LocalGet@62fe9db7,40,192,39,4
624,fft,swam.runtime.internals.interpreter.Asm$I32Const@3c4f0bfa,41,192,40,4
521,fft,I32Add,42,192,41,4
472,fft,swam.runtime.internals.interpreter.Asm$LocalTee@63c985c2,43,192,42,4
893,fft,swam.runtime.internals.interpreter.Asm$BrIf@4b6b32cd,44,192,,
786,fft,swam.runtime.internals.interpreter.Asm$LocalGet@3b8ca70b,45,6,43,1
573,fft,swam.runtime.internals.interpreter.Asm$LocalGet@16e4c31b,46,6,44,1
310,fft,swam.runtime.internals.interpreter.Asm$LocalGet@37177fa9,47,6,45,1
941,fft,swam.runtime.internals.interpreter.Asm$I32Const@431f067,48,6,46,1
834,fft,swam.runtime.internals.interpreter.Asm$Call@7d9ebd49,49,6,47,1
305,fft,swam.runtime.internals.interpreter.Asm$LocalGet@41e839a4,50,6,48,1
792,fft,swam.runtime.internals.interpreter.Asm$GlobalSet@22bf68bc,51,6,49,1
850,fft,Return,52,6,,
785,pad_two,swam.runtime.internals.interpreter.Asm$LocalGet@412c6548,0,0,0,12
52,pad_two,swam.runtime.internals.interpreter.Asm$I32Load@6e7594d9,1,0,1,12
191,pad_two,swam.runtime.internals.interpreter.Asm$LocalTee@7d5770c6,2,0,2,12
558,pad_two,swam.runtime.internals.interpreter.Asm$BrIf@65fb860a,3,0,,
299,pad_two,swam.runtime.internals.interpreter.Asm$I32Const@26635dbe,4,0,3,11
898,pad_two,swam.runtime.internals.interpreter.Asm$LocalSet@1abcd494,5,0,4,11
90,pad_two,swam.runtime.internals.interpreter.Asm$LocalGet@16c78e09,6,0,5,10
146,pad_two,swam.runtime.internals.interpreter.Asm$LocalTee@7dab1477,7,0,6,10
713,pad_two,swam.runtime.internals.interpreter.Asm$I32Const@3d47762d,8,0,7,10
926,pad_two,I32Shl,9,0,8,10
295,pad_two,swam.runtime.internals.interpreter.Asm$LocalSet@a634b49,10,0,9,10
932,pad_two,swam.runtime.internals.interpreter.Asm$LocalGet@417ece4a,11,0,10,10
506,pad_two,swam.runtime.internals.interpreter.Asm$LocalGet@19abf650,12,0,11,10
689,pad_two,I32LtS,13,0,12,10
549,pad_two,swam.runtime.internals.interpreter.Asm$BrIf@7750834b,14,0,,
496,pad_two,swam.runtime.internals.interpreter.Asm$I32Const@122b9a11,15,0,13,7
913,pad_two,swam.runtime.internals.interpreter.Asm$LocalGet@1b627627,16,0,14,7
136,pad_two,swam.runtime.internals.interpreter.Asm$Call@5a93420f,17,0,15,7
729,pad_two,swam.runtime.internals.interpreter.Asm$LocalSet@73e0fc9f,18,0,16,7
758,pad_two,swam.runtime.internals.interpreter.Asm$LocalGet@48660a41,19,0,17,6
671,pad_two,swam.runtime.internals.interpreter.Asm$I32Const@df2e073,20,0,18,6
153,pad_two,I32LtS,21,0,19,6
614,pad_two,swam.runtime.internals.interpreter.Asm$BrIf@98b8647,22,0,,
198,pad_two,swam.runtime.internals.interpreter.Asm$LocalGet@34ed168d,23,0,20,5
964,pad_two,swam.runtime.internals.interpreter.Asm$LocalSet@576e968b,24,0,21,5
766,pad_two,swam.runtime.internals.interpreter.Asm$LocalGet@2568c4d,25,0,22,4
489,pad_two,swam.runtime.internals.interpreter.Asm$LocalGet@49a3d831,26,0,23,4
63,pad_two,swam.runtime.internals.interpreter.Asm$I64Load@78561424,27,0,24,4
492,pad_two,swam.runtime.internals.interpreter.Asm$I64Store@796ad382,28,0,25,4
117,pad_two,swam.runtime.internals.interpreter.Asm$LocalGet@239cfcc2,29,0,26,4
782,pad_two,swam.runtime.internals.interpreter.Asm$I32Const@640c397a,30,0,27,4
774,pad_two,I32Add,31,0,28,4
337,pad_two,swam.runtime.internals.interpreter.Asm$LocalSet@79f620c3,32,0,29,4
156,pad_two,swam.runtime.internals.interpreter.Asm$LocalGet@118fa98e,33,0,30,4
739,pad_two,swam.runtime.internals.interpreter.Asm$I32Const@4ff3a42,34,0,31,4
768,pad_two,I32Add,35,0,32,4
770,pad_two,swam.runtime.internals.interpreter.Asm$LocalSet@78a87d7c,36,0,33,4
215,pad_two,swam.runtime.internals.interpreter.Asm$LocalGet@138f3d8e,37,0,34,4
160,pad_two,swam.runtime.internals.interpreter.Asm$I32Const@6b178798,38,0,35,4
297,pad_two,I32Add,39,0,36,4
759,pad_two,swam.runtime.internals.interpreter.Asm$LocalTee@675bbcaa,40,0,37,4
288,pad_two,swam.runtime.internals.interpreter.Asm$BrIf@7c4babcf,41,0,,
473,pad_two,swam.runtime.internals.interpreter.Asm$LocalGet@169079b0,42,0,38,3
556,pad_two,swam.runtime.internals.interpreter.Asm$LocalGet@501bc3d1,43,0,39,3
945,pad_two,swam.runtime.internals.interpreter.Asm$I32Store@4ea4130c,44,0,40,3
306,pad_two,swam.runtime.internals.interpreter.Asm$LocalGet@24dec102,45,0,41,3
824,pad_two,Return,46,0,,
